{
  "algorithm": "migrad+hesse+minos",
  "covariance": [
    [
      1.0056568252692766,
      -0.03771213157072397
    ],
    [
      -0.03771213157072397,
      0.25141420486679594
    ]
  ],
  "edm": 3.3064878609280166e-05,
  "errors": [
    1.0028244239493156,
    0.5014122105282199
  ],
  "fval": -0.6995269602629307,
  "has_covariance": true,
  "has_minos": true,
  "minos": {
    "lower": -0.5022384042151457,
    "parameter": 1,
    "upper": 0.5006052561112967,
    "valid": true
  },
  "nfcn": 38,
  "params": [
    1.312746182766847,
    -2.048209238569294
  ],
  "runner": "root-minuit2",
  "valid": true,
  "workload": "quadratic2_minos_p1"
}
