{
  "algorithm": "migrad",
  "covariance": [
    [
      0.10162601626014885,
      -0.00406504064964278
    ],
    [
      -0.00406504064964278,
      0.010162601626777857
    ]
  ],
  "edm": 1.0728106302933562e-25,
  "errors": [
    0.1,
    0.31878835653164755,
    0.10080972982196638
  ],
  "fval": 0.8739837398373984,
  "has_covariance": true,
  "has_minos": false,
  "minos": null,
  "nfcn": 29,
  "params": [
    1,
    -0.09349593495933195,
    -0.01626016260160948
  ],
  "runner": "root-minuit2",
  "valid": true,
  "workload": "quadratic3_fixx_migrad"
}
