{
  "algorithm": "migrad+scan",
  "covariance": [
    [
      1.0056568198203863,
      -0.03771213076708111
    ],
    [
      -0.03771213076708111,
      0.25141420495118266
    ]
  ],
  "edm": 3.3064878494976634e-05,
  "errors": [
    1.0028244212325437,
    0.501412210612369
  ],
  "fval": -0.6995269602629307,
  "has_covariance": true,
  "has_minos": false,
  "minos": null,
  "nfcn": 28,
  "params": [
    1.312746182766847,
    -2.048209238569294
  ],
  "runner": "root-minuit2",
  "valid": true,
  "workload": "quadratic2_scan_p0"
}
