{
  "algorithm": "migrad",
  "covariance": [
    [
      1.0056826547085835,
      -0.03771537897969531
    ],
    [
      -0.03771537897969531,
      0.2513968869422182
    ]
  ],
  "edm": 1.1903211928487085e-07,
  "errors": [
    0.9771509802651382,
    0.4735937523830218
  ],
  "fval": -0.6995599061088406,
  "has_covariance": true,
  "has_minos": false,
  "minos": null,
  "nfcn": 45,
  "params": [
    1.3070916392114422,
    -2.0489034012018483
  ],
  "runner": "root-minuit2",
  "valid": true,
  "workload": "quadratic2_lower_limited_migrad"
}
