{
  "algorithm": "minimize",
  "covariance": [
    [
      0.9976443298901663,
      1.983639005045971
    ],
    [
      1.983639005045971,
      3.954114735532018
    ]
  ],
  "edm": 3.451850739606217e-05,
  "errors": [
    0.9988214704791674,
    1.9884955960554749
  ],
  "fval": 3.459747567500577e-05,
  "has_covariance": true,
  "has_minos": false,
  "minos": null,
  "nfcn": 140,
  "params": [
    0.9941491857501228,
    0.9882721512085336
  ],
  "runner": "root-minuit2",
  "valid": true,
  "workload": "rosenbrock2_minimize"
}
