{"runner":"root-minuit2","workload":"quadratic2_contours_01","algorithm":"migrad+hesse+contours","valid":true,"fval":-0.69952696026293026,"edm":3.3064878557818185e-05,"nfcn":38,"params":[1.3127461827668936,-2.0482092385692967],"errors":[1.002824420115868,0.50141221032879968],"has_covariance":true,"covariance":[[1.005656817580727,-0.037712127838095987],[-0.037712127838095987,0.25141420466681241]],"has_minos":false,"minos":null}
