{"runner":"root-minuit2","workload":"quadratic3_fixx_hesse","algorithm":"migrad+hesse","valid":true,"fval":0.87398373983739841,"edm":1.7164970083503874e-26,"nfcn":39,"params":[1,-0.093495934959331839,-0.016260162601609396],"errors":[0.10000000000000001,0.31878835653505083,0.10080972982304258],"has_covariance":true,"covariance":[[0.10162601626231868,-0.0040650406523984736],[-0.0040650406523984736,0.010162601626994842]],"has_minos":false,"minos":null}
