{"runner":"root-minuit2","workload":"quadratic2_scan_p0","algorithm":"migrad+scan","valid":true,"fval":-0.69952696026293026,"edm":3.3064878490761466e-05,"nfcn":28,"params":[1.3127461827668936,-2.0482092385692967],"errors":[1.0028244210933601,0.50141221054277718],"has_covariance":true,"covariance":[[1.0056568195412328,-0.037712130735946994],[-0.037712130735946994,0.25141420488139427]],"has_minos":false,"minos":null}
