{"runner":"root-minuit2","workload":"quadratic2_lower_limited_migrad","algorithm":"migrad","valid":true,"fval":-0.69955990610884122,"edm":1.190321186374297e-07,"nfcn":45,"params":[1.3070916392122705,-2.0489034012021565],"errors":[0.97715098017852975,0.47359375230939116],"has_covariance":true,"covariance":[[1.0056826545186426,-0.037715379038784073],[-0.037715379038784073,0.25139688685351363]],"has_minos":false,"minos":null}
