{"runner":"root-minuit2","workload":"rosenbrock2_migrad","algorithm":"migrad","valid":true,"fval":3.4597475706345437e-05,"edm":3.4518507417911681e-05,"nfcn":140,"params":[0.99414918574742028,0.98827215120318368],"errors":[0.99882147035998747,1.9884955958128729],"has_covariance":true,"covariance":[[0.99764432965208738,1.9836390045666641],[1.9836390045666641,3.954114734567193]],"has_minos":false,"minos":null}
