{"runner":"root-minuit2","workload":"rosenbrock2_migrad_strategy2","algorithm":"migrad_s2","valid":true,"fval":2.9758226434656001e-06,"edm":2.9806395345537071e-06,"nfcn":162,"params":[0.99832349764279404,0.996609165757535],"errors":[1.0008002661516959,2.0007698219914665],"has_covariance":true,"covariance":[[1.0016011727293055,1.9998683684689169],[1.9998683684689169,4.0030798805917636]],"has_minos":false,"minos":null}
