{
  "algorithm": "migrad+scan",
  "covariance": [
    [
      1.0056568197382214,
      -0.03771213065462118
    ],
    [
      -0.03771213065462118,
      0.2514142049418295
    ]
  ],
  "edm": 3.306487786942e-05,
  "errors": [
    1.0028244211915769,
    0.5014122106030421
  ],
  "fval": -0.6995269602635593,
  "has_covariance": true,
  "has_minos": false,
  "minos": null,
  "nfcn": 31,
  "params": [
    1.3127461827147497,
    -2.0482092385759203
  ],
  "runner": "minuit2-rs",
  "valid": true,
  "workload": "quadratic2_scan_p0"
}
