{
  "algorithm": "migrad_no_g2",
  "covariance": [
    [
      1.000000000000009,
      7e-17
    ],
    [
      7e-17,
      0.9999999999999779
    ]
  ],
  "edm": 0.0,
  "errors": [
    1.0000000000000044,
    0.9999999999999889
  ],
  "fval": 0.0,
  "has_covariance": true,
  "has_minos": false,
  "minos": null,
  "nfcn": 9,
  "params": [
    0.9999999999999992,
    -2.0000000000000004
  ],
  "runner": "minuit2-rs",
  "valid": true,
  "workload": "quadratic2_no_g2_migrad"
}
