{
  "algorithm": "migrad+scan",
  "covariance": [
    [
      1.0056568196103748,
      -0.03771213073532333
    ],
    [
      -0.03771213073532333,
      0.25141420490252586
    ]
  ],
  "edm": 6.185755724364e-05,
  "errors": [
    1.0028244211278337,
    0.5014122105638492
  ],
  "fval": -0.6995269602635593,
  "has_covariance": true,
  "has_minos": false,
  "minos": null,
  "nfcn": 18,
  "params": [
    1.3127461827147497,
    -2.0482092385759203
  ],
  "runner": "minuit2-rs",
  "valid": true,
  "workload": "quadratic2_scan_p0"
}
