{
  "algorithm": "migrad+hesse+minos",
  "covariance": [
    [
      1.0056568196104647,
      -0.03771213073541717
    ],
    [
      -0.03771213073541717,
      0.2514142049025886
    ]
  ],
  "edm": 3.306487786138e-05,
  "errors": [
    1.0028244211278785,
    0.5014122105639117
  ],
  "fval": -0.6995269602635593,
  "has_covariance": true,
  "has_minos": true,
  "minos": {
    "lower": -0.5022370303122041,
    "parameter": 1,
    "upper": 0.5006039697188206,
    "valid": true
  },
  "nfcn": 19,
  "params": [
    1.3127461827147497,
    -2.0482092385759203
  ],
  "runner": "minuit2-rs",
  "valid": true,
  "workload": "quadratic2_minos_p1"
}
