{
  "algorithm": "migrad",
  "covariance": [
    [
      0.10162601626013941,
      -0.00406504065040342
    ],
    [
      -0.00406504065040342,
      0.01016260162601605
    ]
  ],
  "edm": 1.492603334512e-05,
  "errors": [
    0.1,
    0.3187883565316328,
    0.10080972981818792
  ],
  "fval": 0.8739986658707433,
  "has_covariance": true,
  "has_minos": false,
  "minos": null,
  "nfcn": 20,
  "params": [
    1.0,
    -0.093419681345526,
    -0.01664881380358023
  ],
  "runner": "minuit2-rs",
  "valid": true,
  "workload": "quadratic3_fixx_migrad"
}
