{
  "algorithm": "migrad",
  "covariance": [
    [
      0.10161649528777363,
      -0.00406517554492161
    ],
    [
      -0.00406517554492161,
      0.01016259971481124
    ]
  ],
  "edm": 3.030693447358e-05,
  "errors": [
    0.1,
    0.31877342312020557,
    0.1008097203389199
  ],
  "fval": 0.8739986658707433,
  "has_covariance": true,
  "has_minos": false,
  "minos": null,
  "nfcn": 5,
  "params": [
    1.0,
    -0.093419681345526,
    -0.01664881380358023
  ],
  "runner": "minuit2-rs",
  "valid": true,
  "workload": "quadratic3_fixx_migrad"
}
