{
  "algorithm": "migrad",
  "covariance": [
    [
      0.9944974108699204,
      -0.03342099161416436
    ],
    [
      -0.03342099161416436,
      0.24845210887999875
    ]
  ],
  "edm": 2.2209489498e-07,
  "errors": [
    1.2279459629782983,
    0.9492574567124784
  ],
  "fval": -0.6995599061026854,
  "has_covariance": true,
  "has_minos": false,
  "minos": null,
  "nfcn": 33,
  "params": [
    1.3070916088441624,
    -2.0489034108183852
  ],
  "runner": "minuit2-rs",
  "valid": true,
  "workload": "quadratic2_lower_limited_migrad"
}
