{
  "algorithm": "migrad",
  "covariance": [
    [
      0.9020129571500548,
      1.790496725812312
    ],
    [
      1.790496725812312,
      3.5641938139585756
    ]
  ],
  "edm": 2.275557484736e-05,
  "errors": [
    0.9497436270647226,
    1.8879072577747498
  ],
  "fval": 1.500342419704e-05,
  "has_covariance": true,
  "has_minos": false,
  "minos": null,
  "nfcn": 139,
  "params": [
    0.9961663256457657,
    0.9924026986118973
  ],
  "runner": "minuit2-rs",
  "valid": true,
  "workload": "rosenbrock2_migrad"
}
