{
  "algorithm": "migrad_s2",
  "covariance": [
    [
      0.9020454953229691,
      1.7905597503864215
    ],
    [
      1.7905597503864215,
      3.5643158776465373
    ]
  ],
  "edm": 2.275202918651e-05,
  "errors": [
    0.9497607568872116,
    1.8879395852745229
  ],
  "fval": 1.499992182613e-05,
  "has_covariance": true,
  "has_minos": false,
  "minos": null,
  "nfcn": 147,
  "params": [
    0.9961667638408177,
    0.992403558744059
  ],
  "runner": "minuit2-rs",
  "valid": true,
  "workload": "rosenbrock2_migrad_strategy2"
}
