{
  "algorithm": "migrad_s2",
  "covariance": [
    [
      1.0183303654783618,
      2.0288714473765785
    ],
    [
      2.0288714473765785,
      4.052223908393736
    ]
  ],
  "edm": 1.526804509045e-05,
  "errors": [
    1.0091235630379274,
    2.0130136384023176
  ],
  "fval": 1.499992182613e-05,
  "has_covariance": true,
  "has_minos": false,
  "minos": null,
  "nfcn": 160,
  "params": [
    0.9961667638408177,
    0.992403558744059
  ],
  "runner": "minuit2-rs",
  "valid": true,
  "workload": "rosenbrock2_migrad_strategy2"
}
