case_id,case_label,batches,repeats_per_batch,warmups_per_batch,samples_per_impl,trim_fraction,rust_median_s,rust_trimmed_median_s,rust_mad_s,rust_ci95_low_s,rust_ci95_high_s,cpp_median_s,cpp_trimmed_median_s,cpp_mad_s,cpp_ci95_low_s,cpp_ci95_high_s,speedup_cpp_over_rust,speedup_cpp_over_rust_trimmed,permutation_pvalue_median
noaa_co2,NOAA CO2,9,41,9,369,0.1000,0.011539186,0.011539186,0.000018848,0.011534940,0.011545099,0.005393990,0.005393990,0.000008496,0.005392518,0.005395813,2.139267,2.139267,9.999e-05
nist_strd,NIST StRD,9,41,9,369,0.1000,0.057877707,0.057877707,0.000087821,0.057862814,0.057898420,0.024008665,0.024008665,0.000064203,0.023999405,0.024021743,2.410701,2.410701,9.999e-05
usgs_earthquakes,USGS EQ,9,41,9,369,0.1000,0.000012223,0.000012223,0.000000170,0.000012203,0.000012263,0.000017362,0.000017362,0.000000110,0.000017342,0.000017382,0.704009,0.704009,9.999e-05
cern_dimuon,CERN dimuon,9,41,9,369,0.1000,0.000619613,0.000619613,0.000004848,0.000619042,0.000620113,0.000757439,0.000757439,0.000002905,0.000756996,0.000758059,0.818037,0.818037,9.999e-05
