case_id,case_label,batches,repeats_per_batch,warmups_per_batch,samples_per_impl,trim_fraction,rust_median_s,rust_trimmed_median_s,rust_mad_s,rust_ci95_low_s,rust_ci95_high_s,cpp_median_s,cpp_trimmed_median_s,cpp_mad_s,cpp_ci95_low_s,cpp_ci95_high_s,speedup_cpp_over_rust,speedup_cpp_over_rust_trimmed,permutation_pvalue_median
noaa_co2,NOAA CO2,9,41,9,369,0.1000,0.011554132,0.011554132,0.000029452,0.011548169,0.011568668,0.005427830,0.005427830,0.000016753,0.005425757,0.005431257,2.128683,2.128683,9.999e-05
nist_strd,NIST StRD,9,41,9,369,0.1000,0.057915453,0.057915453,0.000109462,0.057900058,0.057944068,0.024080946,0.024080946,0.000077356,0.024072599,0.024097009,2.405032,2.405032,9.999e-05
usgs_earthquakes,USGS EQ,9,41,9,369,0.1000,0.000012133,0.000012133,0.000000130,0.000012103,0.000012162,0.000017563,0.000017563,0.000000080,0.000017553,0.000017583,0.690827,0.690827,9.999e-05
cern_dimuon,CERN dimuon,9,41,9,369,0.1000,0.000619933,0.000619933,0.000004688,0.000619532,0.000620604,0.000760116,0.000760116,0.000002675,0.000759715,0.000760617,0.815577,0.815577,9.999e-05
