case_id,case_label,batches,repeats_per_batch,warmups_per_batch,samples_per_impl,trim_fraction,rust_median_s,rust_trimmed_median_s,rust_mad_s,rust_ci95_low_s,rust_ci95_high_s,cpp_median_s,cpp_trimmed_median_s,cpp_mad_s,cpp_ci95_low_s,cpp_ci95_high_s,speedup_cpp_over_rust,speedup_cpp_over_rust_trimmed,permutation_pvalue_median
noaa_co2,NOAA CO2,9,41,9,369,0.1000,0.011888893,0.011888893,0.000029184,0.011881541,0.011896965,0.005698050,0.005698050,0.000016425,0.005693773,0.005700263,2.086484,2.086484,9.999e-05
nist_strd,NIST StRD,9,41,9,369,0.1000,0.057091295,0.057091295,0.000178259,0.057050086,0.057134764,0.022820522,0.022820522,0.000078308,0.022803326,0.022832850,2.501752,2.501752,9.999e-05
usgs_earthquakes,USGS EQ,9,41,9,369,0.1000,0.000012499,0.000012499,0.000000150,0.000012479,0.000012529,0.000017226,0.000017226,0.000000110,0.000017216,0.000017256,0.725589,0.725589,9.999e-05
cern_dimuon,CERN dimuon,9,41,9,369,0.1000,0.000583601,0.000583601,0.000005839,0.000582509,0.000584282,0.000736822,0.000736822,0.000004608,0.000736141,0.000737944,0.792052,0.792052,9.999e-05
