case_id,case_label,batches,repeats_per_batch,warmups_per_batch,samples_per_impl,trim_fraction,rust_median_s,rust_trimmed_median_s,rust_mad_s,rust_ci95_low_s,rust_ci95_high_s,cpp_median_s,cpp_trimmed_median_s,cpp_mad_s,cpp_ci95_low_s,cpp_ci95_high_s,speedup_cpp_over_rust,speedup_cpp_over_rust_trimmed,permutation_pvalue_median
noaa_co2,NOAA CO2,9,41,9,369,0.1000,0.011537474,0.011537474,0.000032884,0.011531034,0.011540872,0.005435154,0.005435154,0.000010215,0.005433035,0.005437304,2.122750,2.122750,9.999e-05
nist_strd,NIST StRD,9,41,9,369,0.1000,0.057813112,0.057813112,0.000092082,0.057797939,0.057834032,0.023999008,0.023999008,0.000065764,0.023985291,0.024009818,2.408979,2.408979,9.999e-05
usgs_earthquakes,USGS EQ,9,41,9,369,0.1000,0.000012113,0.000012113,0.000000151,0.000012082,0.000012143,0.000017533,0.000017533,0.000000120,0.000017522,0.000017553,0.690869,0.690869,9.999e-05
cern_dimuon,CERN dimuon,9,41,9,369,0.1000,0.000618588,0.000618588,0.000004298,0.000618087,0.000618918,0.000755774,0.000755774,0.000001973,0.000755513,0.000756084,0.818483,0.818483,9.999e-05
