case_id,case_label,batches,repeats_per_batch,warmups_per_batch,samples_per_impl,trim_fraction,rust_median_s,rust_trimmed_median_s,rust_mad_s,rust_ci95_low_s,rust_ci95_high_s,cpp_median_s,cpp_trimmed_median_s,cpp_mad_s,cpp_ci95_low_s,cpp_ci95_high_s,speedup_cpp_over_rust,speedup_cpp_over_rust_trimmed,permutation_pvalue_median
noaa_co2,NOAA CO2,9,41,9,369,0.1000,0.011587343,0.011587343,0.000050554,0.011580961,0.011598162,0.005405421,0.005405421,0.000013757,0.005402667,0.005409378,2.143652,2.143652,9.999e-05
nist_strd,NIST StRD,9,41,9,369,0.1000,0.058136673,0.058136673,0.000217386,0.058093889,0.058176467,0.024092246,0.024092246,0.000099672,0.024071189,0.024110436,2.413086,2.413086,9.999e-05
usgs_earthquakes,USGS EQ,9,41,9,369,0.1000,0.000012213,0.000012213,0.000000160,0.000012174,0.000012233,0.000017423,0.000017423,0.000000120,0.000017393,0.000017452,0.700970,0.700970,9.999e-05
cern_dimuon,CERN dimuon,9,41,9,369,0.1000,0.000619214,0.000619214,0.000004879,0.000618623,0.000619685,0.000758516,0.000758516,0.000003577,0.000757965,0.000758876,0.816349,0.816349,9.999e-05
