case_id,case_label,batches,repeats_per_batch,warmups_per_batch,samples_per_impl,trim_fraction,rust_median_s,rust_trimmed_median_s,rust_mad_s,rust_ci95_low_s,rust_ci95_high_s,cpp_median_s,cpp_trimmed_median_s,cpp_mad_s,cpp_ci95_low_s,cpp_ci95_high_s,speedup_cpp_over_rust,speedup_cpp_over_rust_trimmed,permutation_pvalue_median
noaa_co2,NOAA CO2,9,41,9,369,0.1000,0.010058073,0.010058073,0.000027317,0.010054151,0.010064471,0.004649384,0.004649384,0.000027165,0.004643596,0.004651908,2.163313,2.163313,9.999e-05
nist_strd,NIST StRD,9,41,9,369,0.1000,0.056189437,0.056189437,0.000073618,0.056170540,0.056202982,0.021856136,0.021856136,0.000043032,0.021850259,0.021863077,2.570877,2.570877,9.999e-05
usgs_earthquakes,USGS EQ,9,41,9,369,0.1000,0.000011549,0.000011549,0.000000151,0.000011519,0.000011575,0.000017610,0.000017610,0.000000135,0.000017582,0.000017643,0.655821,0.655821,9.999e-05
cern_dimuon,CERN dimuon,9,41,9,369,0.1000,0.000560488,0.000560488,0.000004866,0.000559383,0.000561460,0.000761228,0.000761228,0.000002391,0.000760759,0.000761457,0.736295,0.736295,9.999e-05
