case_id,case_label,batches,repeats_per_batch,warmups_per_batch,samples_per_impl,trim_fraction,rust_median_s,rust_trimmed_median_s,rust_mad_s,rust_ci95_low_s,rust_ci95_high_s,cpp_median_s,cpp_trimmed_median_s,cpp_mad_s,cpp_ci95_low_s,cpp_ci95_high_s,speedup_cpp_over_rust,speedup_cpp_over_rust_trimmed,permutation_pvalue_median
noaa_co2,NOAA CO2,9,41,9,369,0.1000,0.011536569,0.011536569,0.000020344,0.011532148,0.011538770,0.005438462,0.005438462,0.000013815,0.005436010,0.005443923,2.121293,2.121293,9.999e-05
nist_strd,NIST StRD,9,41,9,369,0.1000,0.057861958,0.057861958,0.000111457,0.057841114,0.057884072,0.023997115,0.023997115,0.000064576,0.023980813,0.024007550,2.411205,2.411205,9.999e-05
usgs_earthquakes,USGS EQ,9,41,9,369,0.1000,0.000012153,0.000012153,0.000000120,0.000012122,0.000012163,0.000017332,0.000017332,0.000000070,0.000017323,0.000017343,0.701189,0.701189,9.999e-05
cern_dimuon,CERN dimuon,9,41,9,369,0.1000,0.000619612,0.000619612,0.000003957,0.000619021,0.000619933,0.000758621,0.000758621,0.000003327,0.000758080,0.000759503,0.816761,0.816761,9.999e-05
