case_id,case_label,batches,repeats_per_batch,warmups_per_batch,samples_per_impl,trim_fraction,rust_median_s,rust_trimmed_median_s,rust_mad_s,rust_ci95_low_s,rust_ci95_high_s,cpp_median_s,cpp_trimmed_median_s,cpp_mad_s,cpp_ci95_low_s,cpp_ci95_high_s,speedup_cpp_over_rust,speedup_cpp_over_rust_trimmed,permutation_pvalue_median
noaa_co2,NOAA CO2,9,41,9,369,0.1000,0.011543797,0.011543797,0.000011072,0.011541622,0.011545259,0.005419256,0.005419256,0.000016787,0.005416562,0.005422157,2.130144,2.130144,9.999e-05
nist_strd,NIST StRD,9,41,9,369,0.1000,0.058206173,0.058206173,0.000120948,0.058187385,0.058221156,0.024078969,0.024078969,0.000054361,0.024073759,0.024088817,2.417303,2.417303,9.999e-05
usgs_earthquakes,USGS EQ,9,41,9,369,0.1000,0.000012192,0.000012192,0.000000139,0.000012163,0.000012212,0.000017592,0.000017592,0.000000140,0.000017573,0.000017603,0.693042,0.693042,9.999e-05
cern_dimuon,CERN dimuon,9,41,9,369,0.1000,0.000621217,0.000621217,0.000005631,0.000620545,0.000621807,0.000761327,0.000761327,0.000002606,0.000760918,0.000761578,0.815966,0.815966,9.999e-05
