case_id,case_label,batches,repeats_per_batch,warmups_per_batch,samples_per_impl,trim_fraction,rust_median_s,rust_trimmed_median_s,rust_mad_s,rust_ci95_low_s,rust_ci95_high_s,cpp_median_s,cpp_trimmed_median_s,cpp_mad_s,cpp_ci95_low_s,cpp_ci95_high_s,speedup_cpp_over_rust,speedup_cpp_over_rust_trimmed,permutation_pvalue_median
noaa_co2,NOAA CO2,3,5,2,15,0.1000,0.005950834,0.005950834,0.000023083,0.005931678,0.005976042,0.002368625,0.002368625,0.000027625,0.002343541,0.002473875,2.512358,2.512358,0.000999001
nist_strd,NIST StRD,3,5,2,15,0.1000,0.038348958,0.038348958,0.000107042,0.038273500,0.038557125,0.015088667,0.015088667,0.000088083,0.014972083,0.015158458,2.541574,2.541574,0.000999001
usgs_earthquakes,USGS EQ,3,5,2,15,0.1000,0.000023500,0.000023500,0.000004292,0.000020209,0.000038877,0.000025625,0.000025625,0.000001333,0.000025000,0.000026959,0.917073,0.917073,0.042957
cern_dimuon,CERN dimuon,3,5,2,15,0.1000,0.000484625,0.000484625,0.000002584,0.000481333,0.000485291,0.000641584,0.000641584,0.000035542,0.000611663,0.000683875,0.755357,0.755357,0.000999001
