case_id,case_label,batches,repeats_per_batch,warmups_per_batch,samples_per_impl,trim_fraction,rust_median_s,rust_trimmed_median_s,rust_mad_s,rust_ci95_low_s,rust_ci95_high_s,cpp_median_s,cpp_trimmed_median_s,cpp_mad_s,cpp_ci95_low_s,cpp_ci95_high_s,speedup_cpp_over_rust,speedup_cpp_over_rust_trimmed,permutation_pvalue_median
noaa_co2,NOAA CO2,9,41,9,369,0.1000,0.011544006,0.011544006,0.000016754,0.011540492,0.011547301,0.005404907,0.005404907,0.000010851,0.005402503,0.005407874,2.135838,2.135838,9.999e-05
nist_strd,NIST StRD,9,41,9,369,0.1000,0.057834051,0.057834051,0.000082283,0.057824345,0.057850256,0.024051627,0.024051627,0.000072725,0.024041418,0.024066044,2.404580,2.404580,9.999e-05
usgs_earthquakes,USGS EQ,9,41,9,369,0.1000,0.000012193,0.000012193,0.000000111,0.000012172,0.000012213,0.000017403,0.000017403,0.000000061,0.000017392,0.000017412,0.700626,0.700626,9.999e-05
cern_dimuon,CERN dimuon,9,41,9,369,0.1000,0.000620260,0.000620260,0.000005600,0.000619591,0.000620823,0.000758679,0.000758679,0.000002535,0.000758308,0.000759110,0.817553,0.817553,9.999e-05
