case_id,case_label,batches,repeats_per_batch,warmups_per_batch,samples_per_impl,trim_fraction,rust_median_s,rust_trimmed_median_s,rust_mad_s,rust_ci95_low_s,rust_ci95_high_s,cpp_median_s,cpp_trimmed_median_s,cpp_mad_s,cpp_ci95_low_s,cpp_ci95_high_s,speedup_cpp_over_rust,speedup_cpp_over_rust_trimmed,permutation_pvalue_median
noaa_co2,NOAA CO2,9,41,9,369,0.1000,0.011533936,0.011533936,0.000025018,0.011530168,0.011539895,0.005452946,0.005452946,0.000021089,0.005448538,0.005456653,2.115175,2.115175,9.999e-05
nist_strd,NIST StRD,9,41,9,369,0.1000,0.058108841,0.058108841,0.000133233,0.058098104,0.058132514,0.023989311,0.023989311,0.000065029,0.023976356,0.024000503,2.422281,2.422281,9.999e-05
usgs_earthquakes,USGS EQ,9,41,9,369,0.1000,0.000012122,0.000012122,0.000000141,0.000012102,0.000012143,0.000017041,0.000017041,0.000000069,0.000017022,0.000017052,0.711343,0.711343,9.999e-05
cern_dimuon,CERN dimuon,9,41,9,369,0.1000,0.000619136,0.000619136,0.000005550,0.000618425,0.000619998,0.000756283,0.000756283,0.000003186,0.000755672,0.000756924,0.818657,0.818657,9.999e-05
