case_id,case_label,batches,repeats_per_batch,warmups_per_batch,samples_per_impl,trim_fraction,rust_median_s,rust_trimmed_median_s,rust_mad_s,rust_ci95_low_s,rust_ci95_high_s,cpp_median_s,cpp_trimmed_median_s,cpp_mad_s,cpp_ci95_low_s,cpp_ci95_high_s,speedup_cpp_over_rust,speedup_cpp_over_rust_trimmed,permutation_pvalue_median
noaa_co2,NOAA CO2,9,41,9,369,0.1000,0.011562108,0.011562108,0.000029161,0.011554157,0.011570574,0.005409726,0.005409726,0.000013238,0.005407258,0.005412521,2.137282,2.137282,9.999e-05
nist_strd,NIST StRD,9,41,9,369,0.1000,0.058362651,0.058362651,0.000089386,0.058354663,0.058373303,0.024106314,0.024106314,0.000070462,0.024092699,0.024119108,2.421052,2.421052,9.999e-05
usgs_earthquakes,USGS EQ,9,41,9,369,0.1000,0.000012414,0.000012414,0.000000170,0.000012383,0.000012443,0.000017102,0.000017102,0.000000090,0.000017082,0.000017122,0.725880,0.725880,9.999e-05
cern_dimuon,CERN dimuon,9,41,9,369,0.1000,0.000623884,0.000623884,0.000005680,0.000622581,0.000624906,0.000762752,0.000762752,0.000003516,0.000762031,0.000763355,0.817938,0.817938,9.999e-05
