case_id,case_label,batches,repeats_per_batch,warmups_per_batch,samples_per_impl,trim_fraction,rust_median_s,rust_trimmed_median_s,rust_mad_s,rust_ci95_low_s,rust_ci95_high_s,cpp_median_s,cpp_trimmed_median_s,cpp_mad_s,cpp_ci95_low_s,cpp_ci95_high_s,speedup_cpp_over_rust,speedup_cpp_over_rust_trimmed,permutation_pvalue_median
noaa_co2,NOAA CO2,9,41,9,369,0.1000,0.011547785,0.011547785,0.000044420,0.011532381,0.011559307,0.005438119,0.005438119,0.000016490,0.005436547,0.005440984,2.123489,2.123489,9.999e-05
nist_strd,NIST StRD,9,41,9,369,0.1000,0.057787355,0.057787355,0.000065153,0.057775814,0.057800892,0.024005673,0.024005673,0.000082116,0.023989830,0.024013531,2.407237,2.407237,9.999e-05
usgs_earthquakes,USGS EQ,9,41,9,369,0.1000,0.000012112,0.000012112,0.000000130,0.000012083,0.000012133,0.000017062,0.000017062,0.000000110,0.000017041,0.000017082,0.709882,0.709882,9.999e-05
cern_dimuon,CERN dimuon,9,41,9,369,0.1000,0.000619290,0.000619290,0.000004407,0.000618800,0.000619581,0.000755946,0.000755946,0.000002844,0.000755475,0.000756356,0.819225,0.819225,9.999e-05
