case_id,case_label,batches,repeats_per_batch,warmups_per_batch,samples_per_impl,trim_fraction,rust_median_s,rust_trimmed_median_s,rust_mad_s,rust_ci95_low_s,rust_ci95_high_s,cpp_median_s,cpp_trimmed_median_s,cpp_mad_s,cpp_ci95_low_s,cpp_ci95_high_s,speedup_cpp_over_rust,speedup_cpp_over_rust_trimmed,permutation_pvalue_median
noaa_co2,NOAA CO2,9,41,9,369,0.1000,0.010053977,0.010053977,0.000042733,0.010043103,0.010063830,0.004646628,0.004646628,0.000029933,0.004636618,0.004652114,2.163715,2.163715,9.999e-05
nist_strd,NIST StRD,9,41,9,369,0.1000,0.056172187,0.056172187,0.000085518,0.056153598,0.056199055,0.021843635,0.021843635,0.000042490,0.021839045,0.021851809,2.571559,2.571559,9.999e-05
usgs_earthquakes,USGS EQ,9,41,9,369,0.1000,0.000011584,0.000011584,0.000000171,0.000011556,0.000011618,0.000017528,0.000017528,0.000000200,0.000017496,0.000017575,0.660885,0.660885,9.999e-05
cern_dimuon,CERN dimuon,9,41,9,369,0.1000,0.000559023,0.000559023,0.000004050,0.000558217,0.000559767,0.000762522,0.000762522,0.000001831,0.000762249,0.000762944,0.733124,0.733124,9.999e-05
