case_id,case_label,batches,repeats_per_batch,warmups_per_batch,samples_per_impl,trim_fraction,rust_median_s,rust_trimmed_median_s,rust_mad_s,rust_ci95_low_s,rust_ci95_high_s,cpp_median_s,cpp_trimmed_median_s,cpp_mad_s,cpp_ci95_low_s,cpp_ci95_high_s,speedup_cpp_over_rust,speedup_cpp_over_rust_trimmed,permutation_pvalue_median
noaa_co2,NOAA CO2,9,41,9,369,0.1000,0.011540079,0.011540079,0.000018827,0.011536125,0.011543956,0.005423562,0.005423562,0.000026832,0.005414904,0.005428291,2.127768,2.127768,9.999e-05
nist_strd,NIST StRD,9,41,9,369,0.1000,0.057986246,0.057986246,0.000186878,0.057949920,0.058047400,0.024063472,0.024063472,0.000092012,0.024045878,0.024094149,2.409721,2.409721,9.999e-05
usgs_earthquakes,USGS EQ,9,41,9,369,0.1000,0.000012172,0.000012172,0.000000139,0.000012133,0.000012193,0.000017453,0.000017453,0.000000101,0.000017433,0.000017472,0.697416,0.697416,9.999e-05
cern_dimuon,CERN dimuon,9,41,9,369,0.1000,0.000619691,0.000619691,0.000005150,0.000619241,0.000620393,0.000758148,0.000758148,0.000003738,0.000757568,0.000758860,0.817375,0.817375,9.999e-05
