case_id,case_label,batches,repeats_per_batch,warmups_per_batch,samples_per_impl,trim_fraction,rust_median_s,rust_trimmed_median_s,rust_mad_s,rust_ci95_low_s,rust_ci95_high_s,cpp_median_s,cpp_trimmed_median_s,cpp_mad_s,cpp_ci95_low_s,cpp_ci95_high_s,speedup_cpp_over_rust,speedup_cpp_over_rust_trimmed,permutation_pvalue_median
noaa_co2,NOAA CO2,9,41,9,369,0.1000,0.011587433,0.011587433,0.000021814,0.011583900,0.011591259,0.005439797,0.005439797,0.000008795,0.005438235,0.005441781,2.130122,2.130122,9.999e-05
nist_strd,NIST StRD,9,41,9,369,0.1000,0.057981996,0.057981996,0.000098053,0.057964102,0.058002254,0.024083297,0.024083297,0.000074409,0.024068323,0.024095038,2.407561,2.407561,9.999e-05
usgs_earthquakes,USGS EQ,9,41,9,369,0.1000,0.000012252,0.000012252,0.000000120,0.000012223,0.000012263,0.000017442,0.000017442,0.000000091,0.000017423,0.000017463,0.702442,0.702442,9.999e-05
cern_dimuon,CERN dimuon,9,41,9,369,0.1000,0.000621819,0.000621819,0.000005319,0.000621226,0.000622300,0.000761970,0.000761970,0.000002956,0.000761470,0.000762531,0.816068,0.816068,9.999e-05
