case_id,case_label,batches,repeats_per_batch,warmups_per_batch,samples_per_impl,trim_fraction,rust_median_s,rust_trimmed_median_s,rust_mad_s,rust_ci95_low_s,rust_ci95_high_s,cpp_median_s,cpp_trimmed_median_s,cpp_mad_s,cpp_ci95_low_s,cpp_ci95_high_s,speedup_cpp_over_rust,speedup_cpp_over_rust_trimmed,permutation_pvalue_median
noaa_co2,NOAA CO2,9,41,9,369,0.1000,0.011870322,0.011870322,0.000013100,0.011868098,0.011872760,0.005704015,0.005704015,0.000021623,0.005699487,0.005709934,2.081047,2.081047,9.999e-05
nist_strd,NIST StRD,9,41,9,369,0.1000,0.056936922,0.056936922,0.000087893,0.056920396,0.056954968,0.022779724,0.022779724,0.000069094,0.022769048,0.022796068,2.499456,2.499456,9.999e-05
usgs_earthquakes,USGS EQ,9,41,9,369,0.1000,0.000012528,0.000012528,0.000000131,0.000012499,0.000012539,0.000017286,0.000017286,0.000000120,0.000017266,0.000017316,0.724748,0.724748,9.999e-05
cern_dimuon,CERN dimuon,9,41,9,369,0.1000,0.000583678,0.000583678,0.000005107,0.000582796,0.000584199,0.000734384,0.000734384,0.000003135,0.000733723,0.000735045,0.794786,0.794786,9.999e-05
