case_id,case_label,batches,repeats_per_batch,warmups_per_batch,samples_per_impl,trim_fraction,rust_median_s,rust_trimmed_median_s,rust_mad_s,rust_ci95_low_s,rust_ci95_high_s,cpp_median_s,cpp_trimmed_median_s,cpp_mad_s,cpp_ci95_low_s,cpp_ci95_high_s,speedup_cpp_over_rust,speedup_cpp_over_rust_trimmed,permutation_pvalue_median
noaa_co2,NOAA CO2,9,41,9,369,0.1000,0.011514836,0.011514836,0.000016311,0.011511361,0.011519519,0.005444825,0.005444825,0.000016211,0.005442079,0.005448421,2.114822,2.114822,9.999e-05
nist_strd,NIST StRD,9,41,9,369,0.1000,0.058054637,0.058054637,0.000161984,0.058034813,0.058093761,0.024015606,0.024015606,0.000069037,0.024003560,0.024023529,2.417371,2.417371,9.999e-05
usgs_earthquakes,USGS EQ,9,41,9,369,0.1000,0.000012153,0.000012153,0.000000120,0.000012133,0.000012183,0.000017423,0.000017423,0.000000110,0.000017403,0.000017452,0.697526,0.697526,9.999e-05
cern_dimuon,CERN dimuon,9,41,9,369,0.1000,0.000618919,0.000618919,0.000004579,0.000618347,0.000619339,0.000758661,0.000758661,0.000002515,0.000758109,0.000759061,0.815804,0.815804,9.999e-05
