case_id,case_label,batches,repeats_per_batch,warmups_per_batch,samples_per_impl,trim_fraction,rust_median_s,rust_trimmed_median_s,rust_mad_s,rust_ci95_low_s,rust_ci95_high_s,cpp_median_s,cpp_trimmed_median_s,cpp_mad_s,cpp_ci95_low_s,cpp_ci95_high_s,speedup_cpp_over_rust,speedup_cpp_over_rust_trimmed,permutation_pvalue_median
noaa_co2,NOAA CO2,9,41,9,369,0.1000,0.011565636,0.011565636,0.000024244,0.011560176,0.011568289,0.005406582,0.005406582,0.000009934,0.005404269,0.005408306,2.139177,2.139177,9.999e-05
nist_strd,NIST StRD,9,41,9,369,0.1000,0.058003408,0.058003408,0.000097662,0.057983139,0.058022692,0.024117670,0.024117670,0.000088360,0.024099336,0.024125931,2.405017,2.405017,9.999e-05
usgs_earthquakes,USGS EQ,9,41,9,369,0.1000,0.000012203,0.000012203,0.000000120,0.000012173,0.000012222,0.000017502,0.000017502,0.000000119,0.000017482,0.000017513,0.697235,0.697235,9.999e-05
cern_dimuon,CERN dimuon,9,41,9,369,0.1000,0.000621728,0.000621728,0.000008446,0.000621177,0.000622609,0.000762270,0.000762270,0.000002976,0.000761648,0.000762730,0.815627,0.815627,9.999e-05
