case_id,case_label,batches,repeats_per_batch,warmups_per_batch,samples_per_impl,trim_fraction,rust_median_s,rust_trimmed_median_s,rust_mad_s,rust_ci95_low_s,rust_ci95_high_s,cpp_median_s,cpp_trimmed_median_s,cpp_mad_s,cpp_ci95_low_s,cpp_ci95_high_s,speedup_cpp_over_rust,speedup_cpp_over_rust_trimmed,permutation_pvalue_median
noaa_co2,NOAA CO2,9,41,9,369,0.1000,0.011522506,0.011522506,0.000018515,0.011518158,0.011525883,0.005435597,0.005435597,0.000011552,0.005432961,0.005437840,2.119823,2.119823,9.999e-05
nist_strd,NIST StRD,9,41,9,369,0.1000,0.057877953,0.057877953,0.000089749,0.057858777,0.057894221,0.024034259,0.024034259,0.000071240,0.024017725,0.024049775,2.408144,2.408144,9.999e-05
usgs_earthquakes,USGS EQ,9,41,9,369,0.1000,0.000012153,0.000012153,0.000000130,0.000012133,0.000012173,0.000017493,0.000017493,0.000000081,0.000017482,0.000017512,0.694735,0.694735,9.999e-05
cern_dimuon,CERN dimuon,9,41,9,369,0.1000,0.000619155,0.000619155,0.000004288,0.000618463,0.000619695,0.000758274,0.000758274,0.000002705,0.000757823,0.000758525,0.816532,0.816532,9.999e-05
