case_id,case_label,batches,repeats_per_batch,warmups_per_batch,samples_per_impl,trim_fraction,rust_median_s,rust_trimmed_median_s,rust_mad_s,rust_ci95_low_s,rust_ci95_high_s,cpp_median_s,cpp_trimmed_median_s,cpp_mad_s,cpp_ci95_low_s,cpp_ci95_high_s,speedup_cpp_over_rust,speedup_cpp_over_rust_trimmed,permutation_pvalue_median
noaa_co2,NOAA CO2,9,41,9,369,0.1000,0.011584612,0.011584612,0.000018624,0.011582098,0.011587798,0.005421831,0.005421831,0.000014207,0.005419387,0.005425057,2.136660,2.136660,9.999e-05
nist_strd,NIST StRD,9,41,9,369,0.1000,0.058196375,0.058196375,0.000088034,0.058174783,0.058220800,0.024068192,0.024068192,0.000063417,0.024058293,0.024080415,2.417979,2.417979,9.999e-05
usgs_earthquakes,USGS EQ,9,41,9,369,0.1000,0.000012383,0.000012383,0.000000241,0.000012334,0.000012424,0.000017242,0.000017242,0.000000110,0.000017222,0.000017262,0.718188,0.718188,9.999e-05
cern_dimuon,CERN dimuon,9,41,9,369,0.1000,0.000625654,0.000625654,0.000005881,0.000624452,0.000626126,0.000760807,0.000760807,0.000002625,0.000760346,0.000761179,0.822356,0.822356,9.999e-05
