case_id,case_label,batches,repeats_per_batch,warmups_per_batch,samples_per_impl,trim_fraction,rust_median_s,rust_trimmed_median_s,rust_mad_s,rust_ci95_low_s,rust_ci95_high_s,cpp_median_s,cpp_trimmed_median_s,cpp_mad_s,cpp_ci95_low_s,cpp_ci95_high_s,speedup_cpp_over_rust,speedup_cpp_over_rust_trimmed,permutation_pvalue_median
noaa_co2,NOAA CO2,9,41,9,369,0.1000,0.011694559,0.011694559,0.000118271,0.011681134,0.011701932,0.005426195,0.005426195,0.000010851,0.005423190,0.005428530,2.155204,2.155204,9.999e-05
nist_strd,NIST StRD,9,41,9,369,0.1000,0.058393667,0.058393667,0.000088943,0.058380003,0.058411666,0.024135676,0.024135676,0.000083088,0.024115277,0.024148740,2.419392,2.419392,9.999e-05
usgs_earthquakes,USGS EQ,9,41,9,369,0.1000,0.000012603,0.000012603,0.000000139,0.000012574,0.000012624,0.000017453,0.000017453,0.000000100,0.000017442,0.000017473,0.722111,0.722111,9.999e-05
cern_dimuon,CERN dimuon,9,41,9,369,0.1000,0.000627736,0.000627736,0.000007625,0.000627215,0.000628428,0.000762688,0.000762688,0.000002885,0.000762228,0.000763149,0.823057,0.823057,9.999e-05
