case_id,case_label,batches,repeats_per_batch,warmups_per_batch,samples_per_impl,trim_fraction,rust_median_s,rust_trimmed_median_s,rust_mad_s,rust_ci95_low_s,rust_ci95_high_s,cpp_median_s,cpp_trimmed_median_s,cpp_mad_s,cpp_ci95_low_s,cpp_ci95_high_s,speedup_cpp_over_rust,speedup_cpp_over_rust_trimmed,permutation_pvalue_median
noaa_co2,NOAA CO2,9,41,9,369,0.1000,0.011547228,0.011547228,0.000013642,0.011545185,0.011550250,0.005413290,0.005413290,0.000013455,0.005410505,0.005416027,2.133126,2.133126,9.999e-05
nist_strd,NIST StRD,9,41,9,369,0.1000,0.057958818,0.057958818,0.000085859,0.057940173,0.057976484,0.024076276,0.024076276,0.000066957,0.024065045,0.024093488,2.407300,2.407300,9.999e-05
usgs_earthquakes,USGS EQ,9,41,9,369,0.1000,0.000012173,0.000012173,0.000000120,0.000012153,0.000012202,0.000017362,0.000017362,0.000000061,0.000017352,0.000017373,0.701129,0.701129,9.999e-05
cern_dimuon,CERN dimuon,9,41,9,369,0.1000,0.000623721,0.000623721,0.000007854,0.000623179,0.000624642,0.000762339,0.000762339,0.000004117,0.000762006,0.000762719,0.818168,0.818168,9.999e-05
