case_id,case_label,batches,repeats_per_batch,warmups_per_batch,samples_per_impl,trim_fraction,rust_median_s,rust_trimmed_median_s,rust_mad_s,rust_ci95_low_s,rust_ci95_high_s,cpp_median_s,cpp_trimmed_median_s,cpp_mad_s,cpp_ci95_low_s,cpp_ci95_high_s,speedup_cpp_over_rust,speedup_cpp_over_rust_trimmed,permutation_pvalue_median
noaa_co2,NOAA CO2,9,41,9,369,0.1000,0.011527918,0.011527918,0.000019476,0.011524402,0.011533630,0.005453313,0.005453313,0.000014938,0.005450197,0.005455156,2.113929,2.113929,9.999e-05
nist_strd,NIST StRD,9,41,9,369,0.1000,0.057855012,0.057855012,0.000097670,0.057836326,0.057873159,0.024013040,0.024013040,0.000074027,0.024003593,0.024028021,2.409316,2.409316,9.999e-05
usgs_earthquakes,USGS EQ,9,41,9,369,0.1000,0.000012092,0.000012092,0.000000130,0.000012072,0.000012122,0.000017262,0.000017262,0.000000080,0.000017242,0.000017272,0.700498,0.700498,9.999e-05
cern_dimuon,CERN dimuon,9,41,9,369,0.1000,0.000618587,0.000618587,0.000005000,0.000617896,0.000619018,0.000757054,0.000757054,0.000002375,0.000756663,0.000757244,0.817098,0.817098,9.999e-05
