case_id,case_label,batches,repeats_per_batch,warmups_per_batch,samples_per_impl,trim_fraction,rust_median_s,rust_trimmed_median_s,rust_mad_s,rust_ci95_low_s,rust_ci95_high_s,cpp_median_s,cpp_trimmed_median_s,cpp_mad_s,cpp_ci95_low_s,cpp_ci95_high_s,speedup_cpp_over_rust,speedup_cpp_over_rust_trimmed,permutation_pvalue_median
noaa_co2,NOAA CO2,9,41,9,369,0.1000,0.011565205,0.011565205,0.000020258,0.011561037,0.011568510,0.005428014,0.005428014,0.000016610,0.005424748,0.005433415,2.130651,2.130651,9.999e-05
nist_strd,NIST StRD,9,41,9,369,0.1000,0.057943695,0.057943695,0.000096984,0.057924857,0.057963922,0.024106186,0.024106186,0.000067105,0.024094454,0.024113909,2.403686,2.403686,9.999e-05
usgs_earthquakes,USGS EQ,9,41,9,369,0.1000,0.000012272,0.000012272,0.000000159,0.000012233,0.000012303,0.000017613,0.000017613,0.000000090,0.000017593,0.000017623,0.696758,0.696758,9.999e-05
cern_dimuon,CERN dimuon,9,41,9,369,0.1000,0.000622144,0.000622144,0.000010149,0.000621443,0.000623055,0.000761514,0.000761514,0.000003516,0.000760784,0.000762195,0.816983,0.816983,9.999e-05
