case_id,case_label,batches,repeats_per_batch,warmups_per_batch,samples_per_impl,trim_fraction,rust_median_s,rust_trimmed_median_s,rust_mad_s,rust_ci95_low_s,rust_ci95_high_s,cpp_median_s,cpp_trimmed_median_s,cpp_mad_s,cpp_ci95_low_s,cpp_ci95_high_s,speedup_cpp_over_rust,speedup_cpp_over_rust_trimmed,permutation_pvalue_median
noaa_co2,NOAA CO2,9,41,9,369,0.1000,0.011581069,0.011581069,0.000050236,0.011566715,0.011589117,0.005418477,0.005418477,0.000016311,0.005416202,0.005421472,2.137329,2.137329,9.999e-05
nist_strd,NIST StRD,9,41,9,369,0.1000,0.058149829,0.058149829,0.000149635,0.058131402,0.058199205,0.024058564,0.024058564,0.000090318,0.024038858,0.024075666,2.417012,2.417012,9.999e-05
usgs_earthquakes,USGS EQ,9,41,9,369,0.1000,0.000012183,0.000012183,0.000000150,0.000012163,0.000012213,0.000017182,0.000017182,0.000000090,0.000017162,0.000017201,0.709056,0.709056,9.999e-05
cern_dimuon,CERN dimuon,9,41,9,369,0.1000,0.000619415,0.000619415,0.000004989,0.000618784,0.000619917,0.000758706,0.000758706,0.000003788,0.000758205,0.000759406,0.816410,0.816410,9.999e-05
