case_id,case_label,batches,repeats_per_batch,warmups_per_batch,samples_per_impl,trim_fraction,rust_median_s,rust_trimmed_median_s,rust_mad_s,rust_ci95_low_s,rust_ci95_high_s,cpp_median_s,cpp_trimmed_median_s,cpp_mad_s,cpp_ci95_low_s,cpp_ci95_high_s,speedup_cpp_over_rust,speedup_cpp_over_rust_trimmed,permutation_pvalue_median
noaa_co2,NOAA CO2,9,41,9,369,0.1000,0.011545699,0.011545699,0.000017532,0.011541778,0.011548994,0.005406799,0.005406799,0.000016241,0.005403420,0.005413612,2.135404,2.135404,9.999e-05
nist_strd,NIST StRD,9,41,9,369,0.1000,0.058285846,0.058285846,0.000120435,0.058260982,0.058315120,0.024050000,0.024050000,0.000091998,0.024035968,0.024065385,2.423528,2.423528,9.999e-05
usgs_earthquakes,USGS EQ,9,41,9,369,0.1000,0.000012153,0.000012153,0.000000130,0.000012132,0.000012184,0.000017232,0.000017232,0.000000089,0.000017213,0.000017253,0.705258,0.705258,9.999e-05
cern_dimuon,CERN dimuon,9,41,9,369,0.1000,0.000618760,0.000618760,0.000005448,0.000618157,0.000619381,0.000758487,0.000758487,0.000003194,0.000758014,0.000759326,0.815782,0.815782,9.999e-05
