case_id,case_label,batches,repeats_per_batch,warmups_per_batch,samples_per_impl,trim_fraction,rust_median_s,rust_trimmed_median_s,rust_mad_s,rust_ci95_low_s,rust_ci95_high_s,cpp_median_s,cpp_trimmed_median_s,cpp_mad_s,cpp_ci95_low_s,cpp_ci95_high_s,speedup_cpp_over_rust,speedup_cpp_over_rust_trimmed,permutation_pvalue_median
noaa_co2,NOAA CO2,9,41,9,369,0.1000,0.011552949,0.011552949,0.000019716,0.011548851,0.011558019,0.005404399,0.005404399,0.000012763,0.005401866,0.005406383,2.137694,2.137694,9.999e-05
nist_strd,NIST StRD,9,41,9,369,0.1000,0.058305749,0.058305749,0.000096991,0.058285331,0.058320587,0.024063105,0.024063105,0.000069379,0.024047051,0.024072909,2.423035,2.423035,9.999e-05
usgs_earthquakes,USGS EQ,9,41,9,369,0.1000,0.000012353,0.000012353,0.000000230,0.000012313,0.000012404,0.000017152,0.000017152,0.000000101,0.000017132,0.000017162,0.720208,0.720208,9.999e-05
cern_dimuon,CERN dimuon,9,41,9,369,0.1000,0.000626063,0.000626063,0.000006323,0.000624599,0.000626843,0.000759952,0.000759952,0.000002215,0.000759551,0.000760203,0.823819,0.823819,9.999e-05
