case_id,case_label,batches,repeats_per_batch,warmups_per_batch,samples_per_impl,trim_fraction,rust_median_s,rust_trimmed_median_s,rust_mad_s,rust_ci95_low_s,rust_ci95_high_s,cpp_median_s,cpp_trimmed_median_s,cpp_mad_s,cpp_ci95_low_s,cpp_ci95_high_s,speedup_cpp_over_rust,speedup_cpp_over_rust_trimmed,permutation_pvalue_median
noaa_co2,NOAA CO2,9,41,9,369,0.1000,0.009995532,0.009995532,0.000026942,0.009992182,0.010001797,0.004692169,0.004692169,0.000032439,0.004687692,0.004694560,2.130258,2.130258,9.999e-05
nist_strd,NIST StRD,9,41,9,369,0.1000,0.056519314,0.056519314,0.000073769,0.056505241,0.056529635,0.021864408,0.021864408,0.000060924,0.021850580,0.021872926,2.584992,2.584992,9.999e-05
usgs_earthquakes,USGS EQ,9,41,9,369,0.1000,0.000011685,0.000011685,0.000000157,0.000011659,0.000011719,0.000017735,0.000017735,0.000000139,0.000017712,0.000017759,0.658867,0.658867,9.999e-05
cern_dimuon,CERN dimuon,9,41,9,369,0.1000,0.000560401,0.000560401,0.000003233,0.000559742,0.000560855,0.000760941,0.000760941,0.000002458,0.000760477,0.000761339,0.736458,0.736458,9.999e-05
