case_id,case_label,batches,repeats_per_batch,warmups_per_batch,samples_per_impl,trim_fraction,rust_median_s,rust_trimmed_median_s,rust_mad_s,rust_ci95_low_s,rust_ci95_high_s,cpp_median_s,cpp_trimmed_median_s,cpp_mad_s,cpp_ci95_low_s,cpp_ci95_high_s,speedup_cpp_over_rust,speedup_cpp_over_rust_trimmed,permutation_pvalue_median
noaa_co2,NOAA CO2,9,41,9,369,0.1000,0.011869614,0.011869614,0.000015290,0.011867108,0.011872286,0.005687596,0.005687596,0.000011577,0.005685142,0.005690620,2.086930,2.086930,9.999e-05
nist_strd,NIST StRD,9,41,9,369,0.1000,0.056921396,0.056921396,0.000119428,0.056891088,0.056950745,0.022731484,0.022731484,0.000064836,0.022722841,0.022753406,2.504077,2.504077,9.999e-05
usgs_earthquakes,USGS EQ,9,41,9,369,0.1000,0.000012619,0.000012619,0.000000170,0.000012588,0.000012648,0.000017055,0.000017055,0.000000180,0.000017015,0.000017086,0.739900,0.739900,9.999e-05
cern_dimuon,CERN dimuon,9,41,9,369,0.1000,0.000581900,0.000581900,0.000005909,0.000580948,0.000582731,0.000732863,0.000732863,0.000002895,0.000732382,0.000733354,0.794009,0.794009,9.999e-05
