case_id,case_label,batches,repeats_per_batch,warmups_per_batch,samples_per_impl,trim_fraction,rust_median_s,rust_trimmed_median_s,rust_mad_s,rust_ci95_low_s,rust_ci95_high_s,cpp_median_s,cpp_trimmed_median_s,cpp_mad_s,cpp_ci95_low_s,cpp_ci95_high_s,speedup_cpp_over_rust,speedup_cpp_over_rust_trimmed,permutation_pvalue_median
noaa_co2,NOAA CO2,9,41,9,369,0.1000,0.011874125,0.011874125,0.000017296,0.011870213,0.011876959,0.005691363,0.005691363,0.000011202,0.005689685,0.005694066,2.086341,2.086341,9.999e-05
nist_strd,NIST StRD,9,41,9,369,0.1000,0.056984651,0.056984651,0.000114194,0.056962851,0.057001178,0.022734565,0.022734565,0.000065209,0.022724029,0.022752661,2.506520,2.506520,9.999e-05
usgs_earthquakes,USGS EQ,9,41,9,369,0.1000,0.000012538,0.000012538,0.000000160,0.000012509,0.000012569,0.000017416,0.000017416,0.000000160,0.000017386,0.000017437,0.719913,0.719913,9.999e-05
cern_dimuon,CERN dimuon,9,41,9,369,0.1000,0.000585151,0.000585151,0.000005488,0.000584460,0.000585832,0.000732873,0.000732873,0.000003205,0.000732362,0.000733294,0.798434,0.798434,9.999e-05
