case_id,case_label,batches,repeats_per_batch,warmups_per_batch,samples_per_impl,trim_fraction,rust_median_s,rust_trimmed_median_s,rust_mad_s,rust_ci95_low_s,rust_ci95_high_s,cpp_median_s,cpp_trimmed_median_s,cpp_mad_s,cpp_ci95_low_s,cpp_ci95_high_s,speedup_cpp_over_rust,speedup_cpp_over_rust_trimmed,permutation_pvalue_median
noaa_co2,NOAA CO2,9,41,9,369,0.1000,0.011561315,0.011561315,0.000058890,0.011545636,0.011572054,0.005442281,0.005442281,0.000016810,0.005439347,0.005446891,2.124351,2.124351,9.999e-05
nist_strd,NIST StRD,9,41,9,369,0.1000,0.058031751,0.058031751,0.000100813,0.058004139,0.058056053,0.024058442,0.024058442,0.000070633,0.024041690,0.024068325,2.412116,2.412116,9.999e-05
usgs_earthquakes,USGS EQ,9,41,9,369,0.1000,0.000012203,0.000012203,0.000000140,0.000012173,0.000012233,0.000017502,0.000017502,0.000000141,0.000017463,0.000017523,0.697235,0.697235,9.999e-05
cern_dimuon,CERN dimuon,9,41,9,369,0.1000,0.000621427,0.000621427,0.000005891,0.000620925,0.000621757,0.000761749,0.000761749,0.000003005,0.000761278,0.000762449,0.815790,0.815790,9.999e-05
