case_id,case_label,batches,repeats_per_batch,warmups_per_batch,samples_per_impl,trim_fraction,rust_median_s,rust_trimmed_median_s,rust_mad_s,rust_ci95_low_s,rust_ci95_high_s,cpp_median_s,cpp_trimmed_median_s,cpp_mad_s,cpp_ci95_low_s,cpp_ci95_high_s,speedup_cpp_over_rust,speedup_cpp_over_rust_trimmed,permutation_pvalue_median
noaa_co2,NOAA CO2,9,41,9,369,0.1000,0.011513857,0.011513857,0.000020172,0.011508613,0.011523030,0.005438431,0.005438431,0.000013165,0.005436227,0.005441009,2.117128,2.117128,9.999e-05
nist_strd,NIST StRD,9,41,9,369,0.1000,0.058041006,0.058041006,0.000131236,0.058019525,0.058063787,0.024013130,0.024013130,0.000060523,0.024003395,0.024025309,2.417053,2.417053,9.999e-05
usgs_earthquakes,USGS EQ,9,41,9,369,0.1000,0.000012123,0.000012123,0.000000121,0.000012103,0.000012153,0.000017142,0.000017142,0.000000080,0.000017132,0.000017162,0.707210,0.707210,9.999e-05
cern_dimuon,CERN dimuon,9,41,9,369,0.1000,0.000619364,0.000619364,0.000005170,0.000618733,0.000620135,0.000757610,0.000757610,0.000002716,0.000757151,0.000757985,0.817524,0.817524,9.999e-05
