case_id,case_label,batches,repeats_per_batch,warmups_per_batch,samples_per_impl,trim_fraction,rust_median_s,rust_trimmed_median_s,rust_mad_s,rust_ci95_low_s,rust_ci95_high_s,cpp_median_s,cpp_trimmed_median_s,cpp_mad_s,cpp_ci95_low_s,cpp_ci95_high_s,speedup_cpp_over_rust,speedup_cpp_over_rust_trimmed,permutation_pvalue_median
noaa_co2,NOAA CO2,9,41,9,369,0.1000,0.011534167,0.011534167,0.000022111,0.011528529,0.011539425,0.005438360,0.005438360,0.000012044,0.005436790,0.005440116,2.120891,2.120891,9.999e-05
nist_strd,NIST StRD,9,41,9,369,0.1000,0.057875345,0.057875345,0.000080675,0.057861117,0.057886126,0.023989021,0.023989021,0.000059109,0.023981164,0.023996426,2.412576,2.412576,9.999e-05
usgs_earthquakes,USGS EQ,9,41,9,369,0.1000,0.000012223,0.000012223,0.000000130,0.000012203,0.000012243,0.000017453,0.000017453,0.000000090,0.000017443,0.000017473,0.700338,0.700338,9.999e-05
cern_dimuon,CERN dimuon,9,41,9,369,0.1000,0.000620145,0.000620145,0.000005160,0.000619773,0.000620636,0.000758285,0.000758285,0.000003114,0.000757612,0.000758705,0.817826,0.817826,9.999e-05
