case_id,case_label,batches,repeats_per_batch,warmups_per_batch,samples_per_impl,trim_fraction,rust_median_s,rust_trimmed_median_s,rust_mad_s,rust_ci95_low_s,rust_ci95_high_s,cpp_median_s,cpp_trimmed_median_s,cpp_mad_s,cpp_ci95_low_s,cpp_ci95_high_s,speedup_cpp_over_rust,speedup_cpp_over_rust_trimmed,permutation_pvalue_median
noaa_co2,NOAA CO2,9,41,9,369,0.1000,0.011871029,0.011871029,0.000018708,0.011867033,0.011877844,0.005685852,0.005685852,0.000008273,0.005684480,0.005687345,2.087819,2.087819,9.999e-05
nist_strd,NIST StRD,9,41,9,369,0.1000,0.056884000,0.056884000,0.000079406,0.056870256,0.056899349,0.022734664,0.022734664,0.000059724,0.022725410,0.022747684,2.502082,2.502082,9.999e-05
usgs_earthquakes,USGS EQ,9,41,9,369,0.1000,0.000012589,0.000012589,0.000000150,0.000012569,0.000012649,0.000017136,0.000017136,0.000000110,0.000017125,0.000017156,0.734652,0.734652,9.999e-05
cern_dimuon,CERN dimuon,9,41,9,369,0.1000,0.000583486,0.000583486,0.000005958,0.000582303,0.000584397,0.000732840,0.000732840,0.000003986,0.000732349,0.000733351,0.796198,0.796198,9.999e-05
