case_id,case_label,batches,repeats_per_batch,warmups_per_batch,samples_per_impl,trim_fraction,rust_median_s,rust_trimmed_median_s,rust_mad_s,rust_ci95_low_s,rust_ci95_high_s,cpp_median_s,cpp_trimmed_median_s,cpp_mad_s,cpp_ci95_low_s,cpp_ci95_high_s,speedup_cpp_over_rust,speedup_cpp_over_rust_trimmed,permutation_pvalue_median
noaa_co2,NOAA CO2,9,41,9,369,0.1000,0.011551263,0.011551263,0.000015428,0.011548377,0.011555605,0.005465322,0.005465322,0.000012453,0.005463118,0.005467847,2.113556,2.113556,9.999e-05
nist_strd,NIST StRD,9,41,9,369,0.1000,0.057988272,0.057988272,0.000137502,0.057962463,0.058016188,0.024035710,0.024035710,0.000064659,0.024026153,0.024045920,2.412588,2.412588,9.999e-05
usgs_earthquakes,USGS EQ,9,41,9,369,0.1000,0.000012233,0.000012233,0.000000130,0.000012213,0.000012262,0.000017443,0.000017443,0.000000089,0.000017423,0.000017463,0.701313,0.701313,9.999e-05
cern_dimuon,CERN dimuon,9,41,9,369,0.1000,0.000619448,0.000619448,0.000004458,0.000618945,0.000620159,0.000759510,0.000759510,0.000002714,0.000759239,0.000759850,0.815589,0.815589,9.999e-05
