case_id,case_label,batches,repeats_per_batch,warmups_per_batch,samples_per_impl,trim_fraction,rust_median_s,rust_trimmed_median_s,rust_mad_s,rust_ci95_low_s,rust_ci95_high_s,cpp_median_s,cpp_trimmed_median_s,cpp_mad_s,cpp_ci95_low_s,cpp_ci95_high_s,speedup_cpp_over_rust,speedup_cpp_over_rust_trimmed,permutation_pvalue_median
noaa_co2,NOAA CO2,9,41,9,369,0.1000,0.011563921,0.011563921,0.000026648,0.011557914,0.011571067,0.005411537,0.005411537,0.000011151,0.005409333,0.005414480,2.136901,2.136901,9.999e-05
nist_strd,NIST StRD,9,41,9,369,0.1000,0.058363957,0.058363957,0.000148141,0.058345557,0.058402486,0.024053394,0.024053394,0.000075410,0.024034427,0.024064624,2.426433,2.426433,9.999e-05
usgs_earthquakes,USGS EQ,9,41,9,369,0.1000,0.000012213,0.000012213,0.000000161,0.000012153,0.000012252,0.000017112,0.000017112,0.000000091,0.000017101,0.000017132,0.713710,0.713710,9.999e-05
cern_dimuon,CERN dimuon,9,41,9,369,0.1000,0.000625982,0.000625982,0.000005650,0.000625009,0.000626983,0.000760062,0.000760062,0.000002715,0.000759441,0.000760372,0.823593,0.823593,9.999e-05
