case_id,case_label,batches,repeats_per_batch,warmups_per_batch,samples_per_impl,trim_fraction,rust_median_s,rust_trimmed_median_s,rust_mad_s,rust_ci95_low_s,rust_ci95_high_s,cpp_median_s,cpp_trimmed_median_s,cpp_mad_s,cpp_ci95_low_s,cpp_ci95_high_s,speedup_cpp_over_rust,speedup_cpp_over_rust_trimmed,permutation_pvalue_median
noaa_co2,NOAA CO2,9,41,9,369,0.1000,0.011563808,0.011563808,0.000020289,0.011560201,0.011567237,0.005412588,0.005412588,0.000011788,0.005411216,0.005414755,2.136466,2.136466,9.999e-05
nist_strd,NIST StRD,9,41,9,369,0.1000,0.057982046,0.057982046,0.000091340,0.057960595,0.057999439,0.024133054,0.024133054,0.000071934,0.024113813,0.024143320,2.402599,2.402599,9.999e-05
usgs_earthquakes,USGS EQ,9,41,9,369,0.1000,0.000012333,0.000012333,0.000000130,0.000012303,0.000012353,0.000017423,0.000017423,0.000000110,0.000017413,0.000017443,0.707857,0.707857,9.999e-05
cern_dimuon,CERN dimuon,9,41,9,369,0.1000,0.000624690,0.000624690,0.000007924,0.000623649,0.000625412,0.000761718,0.000761718,0.000003646,0.000761286,0.000762168,0.820107,0.820107,9.999e-05
