case_id,case_label,batches,repeats_per_batch,warmups_per_batch,samples_per_impl,trim_fraction,rust_median_s,rust_trimmed_median_s,rust_mad_s,rust_ci95_low_s,rust_ci95_high_s,cpp_median_s,cpp_trimmed_median_s,cpp_mad_s,cpp_ci95_low_s,cpp_ci95_high_s,speedup_cpp_over_rust,speedup_cpp_over_rust_trimmed,permutation_pvalue_median
noaa_co2,NOAA CO2,9,41,9,369,0.1000,0.003782339,0.003782339,0.000020561,0.003776888,0.003787119,0.002419607,0.002419607,0.000016870,0.002417386,0.002425097,1.563204,1.563204,9.999e-05
nist_strd,NIST StRD,9,41,9,369,0.1000,0.031050963,0.031050963,0.000207888,0.031000784,0.031123723,0.011828472,0.011828472,0.000100409,0.011808392,0.011851052,2.625103,2.625103,9.999e-05
usgs_earthquakes,USGS EQ,9,41,9,369,0.1000,0.000006020,0.000006020,0.000000140,0.000006000,0.000006050,0.000007890,0.000007890,0.000000110,0.000007860,0.000007900,0.762991,0.762991,9.999e-05
cern_dimuon,CERN dimuon,9,41,9,369,0.1000,0.000292908,0.000292908,0.000010219,0.000291238,0.000294209,0.000371698,0.000371698,0.000008810,0.000370946,0.000372277,0.788027,0.788027,9.999e-05
