case_id,case_label,batches,repeats_per_batch,warmups_per_batch,samples_per_impl,trim_fraction,rust_median_s,rust_trimmed_median_s,rust_mad_s,rust_ci95_low_s,rust_ci95_high_s,cpp_median_s,cpp_trimmed_median_s,cpp_mad_s,cpp_ci95_low_s,cpp_ci95_high_s,speedup_cpp_over_rust,speedup_cpp_over_rust_trimmed,permutation_pvalue_median
noaa_co2,NOAA CO2,9,41,9,369,0.1000,0.010211253,0.010211253,0.000183023,0.010187642,0.010273345,0.004646554,0.004646554,0.000024855,0.004642665,0.004652429,2.197597,2.197597,9.999e-05
nist_strd,NIST StRD,9,41,9,369,0.1000,0.056169137,0.056169137,0.000076005,0.056153388,0.056182753,0.021875407,0.021875407,0.000040526,0.021869326,0.021885973,2.567684,2.567684,9.999e-05
usgs_earthquakes,USGS EQ,9,41,9,369,0.1000,0.000011625,0.000011625,0.000000170,0.000011583,0.000011658,0.000017763,0.000017763,0.000000147,0.000017737,0.000017778,0.654450,0.654450,9.999e-05
cern_dimuon,CERN dimuon,9,41,9,369,0.1000,0.000561050,0.000561050,0.000005352,0.000559533,0.000562137,0.000763287,0.000763287,0.000002900,0.000762719,0.000763692,0.735045,0.735045,9.999e-05
