case_id,case_label,batches,repeats_per_batch,warmups_per_batch,samples_per_impl,trim_fraction,rust_median_s,rust_trimmed_median_s,rust_mad_s,rust_ci95_low_s,rust_ci95_high_s,cpp_median_s,cpp_trimmed_median_s,cpp_mad_s,cpp_ci95_low_s,cpp_ci95_high_s,speedup_cpp_over_rust,speedup_cpp_over_rust_trimmed,permutation_pvalue_median
noaa_co2,NOAA CO2,9,41,9,369,0.1000,0.011568850,0.011568850,0.000022823,0.011564961,0.011573758,0.005432470,0.005432470,0.000012314,0.005430524,0.005434462,2.129575,2.129575,9.999e-05
nist_strd,NIST StRD,9,41,9,369,0.1000,0.057982912,0.057982912,0.000101830,0.057963782,0.058000576,0.024032707,0.024032707,0.000070636,0.024016396,0.024047872,2.412667,2.412667,9.999e-05
usgs_earthquakes,USGS EQ,9,41,9,369,0.1000,0.000012203,0.000012203,0.000000130,0.000012173,0.000012223,0.000017152,0.000017152,0.000000080,0.000017132,0.000017162,0.711462,0.711462,9.999e-05
cern_dimuon,CERN dimuon,9,41,9,369,0.1000,0.000620335,0.000620335,0.000005671,0.000619784,0.000620706,0.000759064,0.000759064,0.000003166,0.000758533,0.000759586,0.817237,0.817237,9.999e-05
