case_id,case_label,batches,repeats_per_batch,warmups_per_batch,samples_per_impl,trim_fraction,rust_median_s,rust_trimmed_median_s,rust_mad_s,rust_ci95_low_s,rust_ci95_high_s,cpp_median_s,cpp_trimmed_median_s,cpp_mad_s,cpp_ci95_low_s,cpp_ci95_high_s,speedup_cpp_over_rust,speedup_cpp_over_rust_trimmed,permutation_pvalue_median
noaa_co2,NOAA CO2,9,41,9,369,0.1000,0.010054518,0.010054518,0.000039240,0.010042153,0.010067486,0.004660497,0.004660497,0.000040174,0.004653513,0.004678277,2.157392,2.157392,9.999e-05
nist_strd,NIST StRD,9,41,9,369,0.1000,0.056150992,0.056150992,0.000075297,0.056135935,0.056167367,0.021876509,0.021876509,0.000056142,0.021868573,0.021889972,2.566725,2.566725,9.999e-05
usgs_earthquakes,USGS EQ,9,41,9,369,0.1000,0.000011584,0.000011584,0.000000147,0.000011551,0.000011620,0.000017791,0.000017791,0.000000111,0.000017771,0.000017811,0.651116,0.651116,9.999e-05
cern_dimuon,CERN dimuon,9,41,9,369,0.1000,0.000560078,0.000560078,0.000004373,0.000559359,0.000560797,0.000761742,0.000761742,0.000002604,0.000761340,0.000762132,0.735259,0.735259,9.999e-05
