case_id,case_label,batches,repeats_per_batch,warmups_per_batch,samples_per_impl,trim_fraction,rust_median_s,rust_trimmed_median_s,rust_mad_s,rust_ci95_low_s,rust_ci95_high_s,cpp_median_s,cpp_trimmed_median_s,cpp_mad_s,cpp_ci95_low_s,cpp_ci95_high_s,speedup_cpp_over_rust,speedup_cpp_over_rust_trimmed,permutation_pvalue_median
noaa_co2,NOAA CO2,9,41,9,369,0.1000,0.010061338,0.010061338,0.000061140,0.010055560,0.010074274,0.004632751,0.004632751,0.000010783,0.004631049,0.004637012,2.171785,2.171785,9.999e-05
nist_strd,NIST StRD,9,41,9,369,0.1000,0.056235182,0.056235182,0.000131936,0.056208698,0.056274947,0.021890803,0.021890803,0.000048460,0.021883222,0.021901975,2.568895,2.568895,9.999e-05
usgs_earthquakes,USGS EQ,9,41,9,369,0.1000,0.000011558,0.000011558,0.000000143,0.000011533,0.000011586,0.000017768,0.000017768,0.000000153,0.000017740,0.000017805,0.650495,0.650495,9.999e-05
cern_dimuon,CERN dimuon,9,41,9,369,0.1000,0.000560389,0.000560389,0.000004570,0.000559105,0.000561308,0.000762202,0.000762202,0.000002404,0.000761757,0.000762489,0.735224,0.735224,9.999e-05
