case_id,case_label,batches,repeats_per_batch,warmups_per_batch,samples_per_impl,trim_fraction,rust_median_s,rust_trimmed_median_s,rust_mad_s,rust_ci95_low_s,rust_ci95_high_s,cpp_median_s,cpp_trimmed_median_s,cpp_mad_s,cpp_ci95_low_s,cpp_ci95_high_s,speedup_cpp_over_rust,speedup_cpp_over_rust_trimmed,permutation_pvalue_median
noaa_co2,NOAA CO2,9,41,9,369,0.1000,0.003925277,0.003925277,0.000061189,0.003913136,0.003939447,0.002487036,0.002487036,0.000021431,0.002482366,0.002489455,1.578295,1.578295,9.999e-05
nist_strd,NIST StRD,9,41,9,369,0.1000,0.032382932,0.032382932,0.000655547,0.032230223,0.032509572,0.012341449,0.012341449,0.000322670,0.012284501,0.012381089,2.623917,2.623917,9.999e-05
usgs_earthquakes,USGS EQ,9,41,9,369,0.1000,0.000006510,0.000006510,0.000000690,0.000006370,0.000007750,0.000008199,0.000008199,0.000000169,0.000008160,0.000008239,0.793999,0.793999,9.999e-05
cern_dimuon,CERN dimuon,9,41,9,369,0.1000,0.000300219,0.000300219,0.000014681,0.000298907,0.000301889,0.000385958,0.000385958,0.000025850,0.000384078,0.000387918,0.777854,0.777854,9.999e-05
