case_id,case_label,batches,repeats_per_batch,warmups_per_batch,samples_per_impl,trim_fraction,rust_median_s,rust_trimmed_median_s,rust_mad_s,rust_ci95_low_s,rust_ci95_high_s,cpp_median_s,cpp_trimmed_median_s,cpp_mad_s,cpp_ci95_low_s,cpp_ci95_high_s,speedup_cpp_over_rust,speedup_cpp_over_rust_trimmed,permutation_pvalue_median
noaa_co2,NOAA CO2,9,41,9,369,0.1000,0.011550018,0.011550018,0.000025017,0.011547081,0.011555224,0.005415956,0.005415956,0.000022612,0.005407851,0.005420374,2.132591,2.132591,9.999e-05
nist_strd,NIST StRD,9,41,9,369,0.1000,0.057931023,0.057931023,0.000116851,0.057905976,0.057948042,0.024086024,0.024086024,0.000078677,0.024070732,0.024096183,2.405172,2.405172,9.999e-05
usgs_earthquakes,USGS EQ,9,41,9,369,0.1000,0.000012252,0.000012252,0.000000171,0.000012223,0.000012292,0.000017202,0.000017202,0.000000090,0.000017192,0.000017212,0.712243,0.712243,9.999e-05
cern_dimuon,CERN dimuon,9,41,9,369,0.1000,0.000620405,0.000620405,0.000004739,0.000619693,0.000620967,0.000759985,0.000759985,0.000002234,0.000759675,0.000760356,0.816338,0.816338,9.999e-05
