case_id,case_label,batches,repeats_per_batch,warmups_per_batch,samples_per_impl,trim_fraction,rust_median_s,rust_trimmed_median_s,rust_mad_s,rust_ci95_low_s,rust_ci95_high_s,cpp_median_s,cpp_trimmed_median_s,cpp_mad_s,cpp_ci95_low_s,cpp_ci95_high_s,speedup_cpp_over_rust,speedup_cpp_over_rust_trimmed,permutation_pvalue_median
noaa_co2,NOAA CO2,9,41,9,369,0.1000,0.010083356,0.010083356,0.000079109,0.010071434,0.010095158,0.004670694,0.004670694,0.000021668,0.004664606,0.004678555,2.158856,2.158856,9.999e-05
nist_strd,NIST StRD,9,41,9,369,0.1000,0.056641387,0.056641387,0.000102739,0.056621588,0.056662613,0.021976361,0.021976361,0.000071291,0.021964033,0.021993378,2.577378,2.577378,9.999e-05
usgs_earthquakes,USGS EQ,9,41,9,369,0.1000,0.000011590,0.000011590,0.000000161,0.000011557,0.000011614,0.000017766,0.000017766,0.000000165,0.000017734,0.000017794,0.652370,0.652370,9.999e-05
cern_dimuon,CERN dimuon,9,41,9,369,0.1000,0.000562479,0.000562479,0.000004395,0.000561635,0.000563604,0.000763006,0.000763006,0.000002678,0.000762478,0.000763370,0.737188,0.737188,9.999e-05
