case_id,case_label,batches,repeats_per_batch,warmups_per_batch,samples_per_impl,trim_fraction,rust_median_s,rust_trimmed_median_s,rust_mad_s,rust_ci95_low_s,rust_ci95_high_s,cpp_median_s,cpp_trimmed_median_s,cpp_mad_s,cpp_ci95_low_s,cpp_ci95_high_s,speedup_cpp_over_rust,speedup_cpp_over_rust_trimmed,permutation_pvalue_median
noaa_co2,NOAA CO2,9,41,9,369,0.1000,0.011541627,0.011541627,0.000017325,0.011538702,0.011547255,0.005400200,0.005400200,0.000009923,0.005398048,0.005401449,2.137259,2.137259,9.999e-05
nist_strd,NIST StRD,9,41,9,369,0.1000,0.057909703,0.057909703,0.000092191,0.057889655,0.057927608,0.024054533,0.024054533,0.000076185,0.024042511,0.024068042,2.407434,2.407434,9.999e-05
usgs_earthquakes,USGS EQ,9,41,9,369,0.1000,0.000012203,0.000012203,0.000000140,0.000012183,0.000012233,0.000017122,0.000017122,0.000000101,0.000017102,0.000017142,0.712709,0.712709,9.999e-05
cern_dimuon,CERN dimuon,9,41,9,369,0.1000,0.000621461,0.000621461,0.000007013,0.000620489,0.000622613,0.000758355,0.000758355,0.000001850,0.000757964,0.000758569,0.819486,0.819486,9.999e-05
