case_id,case_label,batches,repeats_per_batch,warmups_per_batch,samples_per_impl,trim_fraction,rust_median_s,rust_trimmed_median_s,rust_mad_s,rust_ci95_low_s,rust_ci95_high_s,cpp_median_s,cpp_trimmed_median_s,cpp_mad_s,cpp_ci95_low_s,cpp_ci95_high_s,speedup_cpp_over_rust,speedup_cpp_over_rust_trimmed,permutation_pvalue_median
noaa_co2,NOAA CO2,9,41,9,369,0.1000,0.011550836,0.011550836,0.000014435,0.011547620,0.011554144,0.005419595,0.005419595,0.000009707,0.005418302,0.005421498,2.131310,2.131310,9.999e-05
nist_strd,NIST StRD,9,41,9,369,0.1000,0.058029404,0.058029404,0.000096036,0.058007684,0.058042257,0.024088570,0.024088570,0.000064145,0.024074358,0.024100856,2.409002,2.409002,9.999e-05
usgs_earthquakes,USGS EQ,9,41,9,369,0.1000,0.000012173,0.000012173,0.000000130,0.000012152,0.000012193,0.000017333,0.000017333,0.000000081,0.000017322,0.000017353,0.702302,0.702302,9.999e-05
cern_dimuon,CERN dimuon,9,41,9,369,0.1000,0.000622422,0.000622422,0.000006511,0.000621782,0.000623022,0.000761803,0.000761803,0.000002825,0.000761421,0.000762304,0.817038,0.817038,9.999e-05
