case_id,case_label,batches,repeats_per_batch,warmups_per_batch,samples_per_impl,trim_fraction,rust_median_s,rust_trimmed_median_s,rust_mad_s,rust_ci95_low_s,rust_ci95_high_s,cpp_median_s,cpp_trimmed_median_s,cpp_mad_s,cpp_ci95_low_s,cpp_ci95_high_s,speedup_cpp_over_rust,speedup_cpp_over_rust_trimmed,permutation_pvalue_median
noaa_co2,NOAA CO2,9,41,9,369,0.1000,0.011558386,0.011558386,0.000020960,0.011554248,0.011562992,0.005406426,0.005406426,0.000010351,0.005404884,0.005408401,2.137898,2.137898,9.999e-05
nist_strd,NIST StRD,9,41,9,369,0.1000,0.058346472,0.058346472,0.000097409,0.058331574,0.058378132,0.024092479,0.024092479,0.000071095,0.024074344,0.024102761,2.421771,2.421771,9.999e-05
usgs_earthquakes,USGS EQ,9,41,9,369,0.1000,0.000012494,0.000012494,0.000000180,0.000012463,0.000012524,0.000017462,0.000017462,0.000000091,0.000017443,0.000017473,0.715497,0.715497,9.999e-05
cern_dimuon,CERN dimuon,9,41,9,369,0.1000,0.000623399,0.000623399,0.000007313,0.000622408,0.000624643,0.000762551,0.000762551,0.000003096,0.000762100,0.000762962,0.817518,0.817518,9.999e-05
