case_id,case_label,batches,repeats_per_batch,warmups_per_batch,samples_per_impl,trim_fraction,rust_median_s,rust_trimmed_median_s,rust_mad_s,rust_ci95_low_s,rust_ci95_high_s,cpp_median_s,cpp_trimmed_median_s,cpp_mad_s,cpp_ci95_low_s,cpp_ci95_high_s,speedup_cpp_over_rust,speedup_cpp_over_rust_trimmed,permutation_pvalue_median
noaa_co2,NOAA CO2,9,41,9,369,0.1000,0.011588917,0.011588917,0.000049681,0.011575201,0.011604938,0.005476158,0.005476158,0.000016039,0.005473573,0.005478911,2.116250,2.116250,9.999e-05
nist_strd,NIST StRD,9,41,9,369,0.1000,0.057906880,0.057906880,0.000086052,0.057892203,0.057921809,0.024076433,0.024076433,0.000093794,0.024060523,0.024085919,2.405127,2.405127,9.999e-05
usgs_earthquakes,USGS EQ,9,41,9,369,0.1000,0.000012133,0.000012133,0.000000140,0.000012103,0.000012153,0.000017152,0.000017152,0.000000100,0.000017132,0.000017182,0.707381,0.707381,9.999e-05
cern_dimuon,CERN dimuon,9,41,9,369,0.1000,0.000620214,0.000620214,0.000006843,0.000619763,0.000620856,0.000759102,0.000759102,0.000002775,0.000758842,0.000759524,0.817036,0.817036,9.999e-05
