case_id,case_label,batches,repeats_per_batch,warmups_per_batch,samples_per_impl,trim_fraction,rust_median_s,rust_trimmed_median_s,rust_mad_s,rust_ci95_low_s,rust_ci95_high_s,cpp_median_s,cpp_trimmed_median_s,cpp_mad_s,cpp_ci95_low_s,cpp_ci95_high_s,speedup_cpp_over_rust,speedup_cpp_over_rust_trimmed,permutation_pvalue_median
noaa_co2,NOAA CO2,9,41,9,369,0.1000,0.011579233,0.011579233,0.000040815,0.011564717,0.011590675,0.005409688,0.005409688,0.000010980,0.005407611,0.005412079,2.140462,2.140462,9.999e-05
nist_strd,NIST StRD,9,41,9,369,0.1000,0.058012672,0.058012672,0.000079233,0.058001351,0.058027617,0.024108364,0.024108364,0.000072906,0.024096948,0.024123262,2.406330,2.406330,9.999e-05
usgs_earthquakes,USGS EQ,9,41,9,369,0.1000,0.000012223,0.000012223,0.000000130,0.000012203,0.000012253,0.000017452,0.000017452,0.000000121,0.000017423,0.000017463,0.700378,0.700378,9.999e-05
cern_dimuon,CERN dimuon,9,41,9,369,0.1000,0.000622249,0.000622249,0.000006853,0.000621408,0.000622901,0.000760748,0.000760748,0.000003486,0.000759915,0.000761538,0.817944,0.817944,9.999e-05
