case_id,case_label,batches,repeats_per_batch,warmups_per_batch,samples_per_impl,trim_fraction,rust_median_s,rust_trimmed_median_s,rust_mad_s,rust_ci95_low_s,rust_ci95_high_s,cpp_median_s,cpp_trimmed_median_s,cpp_mad_s,cpp_ci95_low_s,cpp_ci95_high_s,speedup_cpp_over_rust,speedup_cpp_over_rust_trimmed,permutation_pvalue_median
noaa_co2,NOAA CO2,9,41,9,369,0.1000,0.010062590,0.010062590,0.000038209,0.010054296,0.010072243,0.004632694,0.004632694,0.000016080,0.004628795,0.004637314,2.172082,2.172082,9.999e-05
nist_strd,NIST StRD,9,41,9,369,0.1000,0.056142861,0.056142861,0.000089849,0.056130393,0.056156888,0.021896529,0.021896529,0.000070397,0.021879307,0.021905388,2.564007,2.564007,9.999e-05
usgs_earthquakes,USGS EQ,9,41,9,369,0.1000,0.000011570,0.000011570,0.000000151,0.000011550,0.000011603,0.000017412,0.000017412,0.000000107,0.000017394,0.000017432,0.664484,0.664484,9.999e-05
cern_dimuon,CERN dimuon,9,41,9,369,0.1000,0.000560866,0.000560866,0.000003822,0.000560118,0.000561931,0.000761669,0.000761669,0.000002678,0.000761202,0.000762204,0.736364,0.736364,9.999e-05
