case_id,case_label,batches,repeats_per_batch,warmups_per_batch,samples_per_impl,trim_fraction,rust_median_s,rust_trimmed_median_s,rust_mad_s,rust_ci95_low_s,rust_ci95_high_s,cpp_median_s,cpp_trimmed_median_s,cpp_mad_s,cpp_ci95_low_s,cpp_ci95_high_s,speedup_cpp_over_rust,speedup_cpp_over_rust_trimmed,permutation_pvalue_median
noaa_co2,NOAA CO2,9,41,9,369,0.1000,0.004678833,0.004678833,0.000068708,0.004666291,0.004690416,0.001851209,0.001851209,0.000040124,0.001843041,0.001859834,2.527447,2.527447,9.999e-05
nist_strd,NIST StRD,9,41,9,369,0.1000,0.030019542,0.030019542,0.000303417,0.029957333,0.030084083,0.011685000,0.011685000,0.000144750,0.011660458,0.011716292,2.569066,2.569066,9.999e-05
usgs_earthquakes,USGS EQ,9,41,9,369,0.1000,0.000011291,0.000011291,0.000000168,0.000011250,0.000011333,0.000015834,0.000015834,0.000000583,0.000015750,0.000016000,0.713086,0.713086,9.999e-05
cern_dimuon,CERN dimuon,9,41,9,369,0.1000,0.000374709,0.000374709,0.000008708,0.000373208,0.000376334,0.000454000,0.000454000,0.000008500,0.000452834,0.000455834,0.825350,0.825350,9.999e-05
