case_id,case_label,batches,repeats_per_batch,warmups_per_batch,samples_per_impl,trim_fraction,rust_median_s,rust_trimmed_median_s,rust_mad_s,rust_ci95_low_s,rust_ci95_high_s,cpp_median_s,cpp_trimmed_median_s,cpp_mad_s,cpp_ci95_low_s,cpp_ci95_high_s,speedup_cpp_over_rust,speedup_cpp_over_rust_trimmed,permutation_pvalue_median
noaa_co2,NOAA CO2,9,41,9,369,0.1000,0.011568200,0.011568200,0.000037409,0.011562444,0.011578364,0.005468446,0.005468446,0.000008838,0.005467114,0.005469599,2.115446,2.115446,9.999e-05
nist_strd,NIST StRD,9,41,9,369,0.1000,0.058196290,0.058196290,0.000071864,0.058181914,0.058207110,0.024046950,0.024046950,0.000057328,0.024035601,0.024056190,2.420111,2.420111,9.999e-05
usgs_earthquakes,USGS EQ,9,41,9,369,0.1000,0.000012533,0.000012533,0.000000151,0.000012513,0.000012554,0.000017192,0.000017192,0.000000110,0.000017181,0.000017212,0.729002,0.729002,9.999e-05
cern_dimuon,CERN dimuon,9,41,9,369,0.1000,0.000623570,0.000623570,0.000005300,0.000622478,0.000624482,0.000762589,0.000762589,0.000002274,0.000761978,0.000762930,0.817701,0.817701,9.999e-05
