case_id,case_label,batches,repeats_per_batch,warmups_per_batch,samples_per_impl,trim_fraction,rust_median_s,rust_trimmed_median_s,rust_mad_s,rust_ci95_low_s,rust_ci95_high_s,cpp_median_s,cpp_trimmed_median_s,cpp_mad_s,cpp_ci95_low_s,cpp_ci95_high_s,speedup_cpp_over_rust,speedup_cpp_over_rust_trimmed,permutation_pvalue_median
noaa_co2,NOAA CO2,9,41,9,369,0.1000,0.013870230,0.013870230,0.000029928,0.013864030,0.013875961,0.006635319,0.006635319,0.000009090,0.006634275,0.006636576,2.090364,2.090364,9.999e-05
nist_strd,NIST StRD,9,41,9,369,0.1000,0.066455791,0.066455791,0.000092897,0.066438917,0.066474629,0.026603948,0.026603948,0.000076184,0.026595280,0.026618357,2.497967,2.497967,9.999e-05
usgs_earthquakes,USGS EQ,9,41,9,369,0.1000,0.000014592,0.000014592,0.000000200,0.000014552,0.000014633,0.000019880,0.000019880,0.000000151,0.000019850,0.000019920,0.734004,0.734004,9.999e-05
cern_dimuon,CERN dimuon,9,41,9,369,0.1000,0.000681246,0.000681246,0.000005078,0.000680515,0.000681937,0.000858072,0.000858072,0.000003586,0.000857371,0.000858573,0.793926,0.793926,9.999e-05
