case_id,case_label,batches,repeats_per_batch,warmups_per_batch,samples_per_impl,trim_fraction,rust_median_s,rust_trimmed_median_s,rust_mad_s,rust_ci95_low_s,rust_ci95_high_s,cpp_median_s,cpp_trimmed_median_s,cpp_mad_s,cpp_ci95_low_s,cpp_ci95_high_s,speedup_cpp_over_rust,speedup_cpp_over_rust_trimmed,permutation_pvalue_median
noaa_co2,NOAA CO2,9,41,9,369,0.1000,0.011507629,0.011507629,0.000015139,0.011504858,0.011510142,0.005439795,0.005439795,0.000015666,0.005436900,0.005441829,2.115453,2.115453,9.999e-05
nist_strd,NIST StRD,9,41,9,369,0.1000,0.057872752,0.057872752,0.000115424,0.057847222,0.057893445,0.023994300,0.023994300,0.000082080,0.023980507,0.024007740,2.411938,2.411938,9.999e-05
usgs_earthquakes,USGS EQ,9,41,9,369,0.1000,0.000012112,0.000012112,0.000000140,0.000012083,0.000012133,0.000017262,0.000017262,0.000000079,0.000017252,0.000017273,0.701657,0.701657,9.999e-05
cern_dimuon,CERN dimuon,9,41,9,369,0.1000,0.000618513,0.000618513,0.000004206,0.000618020,0.000618791,0.000757013,0.000757013,0.000002434,0.000756350,0.000757462,0.817044,0.817044,9.999e-05
