case_id,case_label,batches,repeats_per_batch,warmups_per_batch,samples_per_impl,trim_fraction,rust_median_s,rust_trimmed_median_s,rust_mad_s,rust_ci95_low_s,rust_ci95_high_s,cpp_median_s,cpp_trimmed_median_s,cpp_mad_s,cpp_ci95_low_s,cpp_ci95_high_s,speedup_cpp_over_rust,speedup_cpp_over_rust_trimmed,permutation_pvalue_median
noaa_co2,NOAA CO2,9,41,9,369,0.1000,0.011584406,0.011584406,0.000042351,0.011570791,0.011596828,0.005428482,0.005428482,0.000014557,0.005426347,0.005431066,2.134005,2.134005,9.999e-05
nist_strd,NIST StRD,9,41,9,369,0.1000,0.058378167,0.058378167,0.000128008,0.058354934,0.058407272,0.024108676,0.024108676,0.000078688,0.024090529,0.024125137,2.421459,2.421459,9.999e-05
usgs_earthquakes,USGS EQ,9,41,9,369,0.1000,0.000012564,0.000012564,0.000000130,0.000012544,0.000012594,0.000017172,0.000017172,0.000000100,0.000017152,0.000017192,0.731656,0.731656,9.999e-05
cern_dimuon,CERN dimuon,9,41,9,369,0.1000,0.000624099,0.000624099,0.000006922,0.000622967,0.000625481,0.000761917,0.000761917,0.000003846,0.000761117,0.000762579,0.819117,0.819117,9.999e-05
