case_id,case_label,batches,repeats_per_batch,warmups_per_batch,samples_per_impl,trim_fraction,rust_median_s,rust_trimmed_median_s,rust_mad_s,rust_ci95_low_s,rust_ci95_high_s,cpp_median_s,cpp_trimmed_median_s,cpp_mad_s,cpp_ci95_low_s,cpp_ci95_high_s,speedup_cpp_over_rust,speedup_cpp_over_rust_trimmed,permutation_pvalue_median
noaa_co2,NOAA CO2,9,41,9,369,0.1000,0.011587668,0.011587668,0.000031822,0.011577474,0.011592177,0.005426250,0.005426250,0.000019380,0.005424250,0.005429116,2.135484,2.135484,9.999e-05
nist_strd,NIST StRD,9,41,9,369,0.1000,0.058275763,0.058275763,0.000081543,0.058256424,0.058291297,0.024122751,0.024122751,0.000067533,0.024110249,0.024134465,2.415801,2.415801,9.999e-05
usgs_earthquakes,USGS EQ,9,41,9,369,0.1000,0.000012694,0.000012694,0.000000141,0.000012663,0.000012704,0.000017353,0.000017353,0.000000111,0.000017333,0.000017372,0.731516,0.731516,9.999e-05
cern_dimuon,CERN dimuon,9,41,9,369,0.1000,0.000623225,0.000623225,0.000005450,0.000622825,0.000623636,0.000764137,0.000764137,0.000005471,0.000763096,0.000764829,0.815593,0.815593,9.999e-05
