case_id,case_label,batches,repeats_per_batch,warmups_per_batch,samples_per_impl,trim_fraction,rust_median_s,rust_trimmed_median_s,rust_mad_s,rust_ci95_low_s,rust_ci95_high_s,cpp_median_s,cpp_trimmed_median_s,cpp_mad_s,cpp_ci95_low_s,cpp_ci95_high_s,speedup_cpp_over_rust,speedup_cpp_over_rust_trimmed,permutation_pvalue_median
noaa_co2,NOAA CO2,9,41,9,369,0.1000,0.011563639,0.011563639,0.000020959,0.011560143,0.011567557,0.005416152,0.005416152,0.000010230,0.005413983,0.005418003,2.135029,2.135029,9.999e-05
nist_strd,NIST StRD,9,41,9,369,0.1000,0.058217520,0.058217520,0.000080126,0.058206875,0.058234591,0.024099230,0.024099230,0.000061810,0.024090375,0.024112635,2.415742,2.415742,9.999e-05
usgs_earthquakes,USGS EQ,9,41,9,369,0.1000,0.000012453,0.000012453,0.000000180,0.000012413,0.000012483,0.000017091,0.000017091,0.000000051,0.000017082,0.000017102,0.728629,0.728629,9.999e-05
cern_dimuon,CERN dimuon,9,41,9,369,0.1000,0.000626108,0.000626108,0.000005720,0.000625468,0.000626670,0.000761512,0.000761512,0.000002995,0.000760810,0.000761912,0.822191,0.822191,9.999e-05
