case_id,case_label,batches,repeats_per_batch,warmups_per_batch,samples_per_impl,trim_fraction,rust_median_s,rust_trimmed_median_s,rust_mad_s,rust_ci95_low_s,rust_ci95_high_s,cpp_median_s,cpp_trimmed_median_s,cpp_mad_s,cpp_ci95_low_s,cpp_ci95_high_s,speedup_cpp_over_rust,speedup_cpp_over_rust_trimmed,permutation_pvalue_median
noaa_co2,NOAA CO2,9,41,9,369,0.1000,0.011886298,0.011886298,0.000031680,0.011877299,0.011895561,0.005703188,0.005703188,0.000015502,0.005699452,0.005706362,2.084150,2.084150,9.999e-05
nist_strd,NIST StRD,9,41,9,369,0.1000,0.056861964,0.056861964,0.000071746,0.056847941,0.056870590,0.022742058,0.022742058,0.000057410,0.022729077,0.022752240,2.500300,2.500300,9.999e-05
usgs_earthquakes,USGS EQ,9,41,9,369,0.1000,0.000012549,0.000012549,0.000000140,0.000012529,0.000012579,0.000017096,0.000017096,0.000000131,0.000017076,0.000017126,0.734031,0.734031,9.999e-05
cern_dimuon,CERN dimuon,9,41,9,369,0.1000,0.000581432,0.000581432,0.000005528,0.000580571,0.000582213,0.000734032,0.000734032,0.000004458,0.000733391,0.000734462,0.792107,0.792107,9.999e-05
