case_id,case_label,batches,repeats_per_batch,warmups_per_batch,samples_per_impl,trim_fraction,rust_median_s,rust_trimmed_median_s,rust_mad_s,rust_ci95_low_s,rust_ci95_high_s,cpp_median_s,cpp_trimmed_median_s,cpp_mad_s,cpp_ci95_low_s,cpp_ci95_high_s,speedup_cpp_over_rust,speedup_cpp_over_rust_trimmed,permutation_pvalue_median
noaa_co2,NOAA CO2,9,41,9,369,0.1000,0.009468492,0.009468492,0.000032769,0.009463444,0.009475893,0.004529645,0.004529645,0.000013119,0.004527101,0.004533110,2.090339,2.090339,9.999e-05
nist_strd,NIST StRD,9,41,9,369,0.1000,0.046581193,0.046581193,0.000076523,0.046571715,0.046591398,0.018639569,0.018639569,0.000049417,0.018631422,0.018649008,2.499049,2.499049,9.999e-05
usgs_earthquakes,USGS EQ,9,41,9,369,0.1000,0.000009785,0.000009785,0.000000109,0.000009765,0.000009805,0.000013410,0.000013410,0.000000100,0.000013390,0.000013430,0.729679,0.729679,9.999e-05
cern_dimuon,CERN dimuon,9,41,9,369,0.1000,0.000450628,0.000450628,0.000004126,0.000449276,0.000452401,0.000570896,0.000570896,0.000005197,0.000570195,0.000571587,0.789335,0.789335,9.999e-05
