case_id,case_label,batches,repeats_per_batch,warmups_per_batch,samples_per_impl,trim_fraction,rust_median_s,rust_trimmed_median_s,rust_mad_s,rust_ci95_low_s,rust_ci95_high_s,cpp_median_s,cpp_trimmed_median_s,cpp_mad_s,cpp_ci95_low_s,cpp_ci95_high_s,speedup_cpp_over_rust,speedup_cpp_over_rust_trimmed,permutation_pvalue_median
noaa_co2,NOAA CO2,9,41,9,369,0.1000,0.011607358,0.011607358,0.000052428,0.011576211,0.011623756,0.005443611,0.005443611,0.000007905,0.005441676,0.005444724,2.132290,2.132290,9.999e-05
nist_strd,NIST StRD,9,41,9,369,0.1000,0.057834212,0.057834212,0.000087176,0.057814737,0.057855169,0.024004475,0.024004475,0.000078183,0.023994049,0.024018842,2.409310,2.409310,9.999e-05
usgs_earthquakes,USGS EQ,9,41,9,369,0.1000,0.000012123,0.000012123,0.000000131,0.000012102,0.000012162,0.000017082,0.000017082,0.000000090,0.000017062,0.000017092,0.709694,0.709694,9.999e-05
cern_dimuon,CERN dimuon,9,41,9,369,0.1000,0.000618456,0.000618456,0.000004258,0.000617975,0.000618986,0.000756785,0.000756785,0.000002646,0.000756383,0.000757285,0.817215,0.817215,9.999e-05
