case_id,case_label,batches,repeats_per_batch,warmups_per_batch,samples_per_impl,trim_fraction,rust_median_s,rust_trimmed_median_s,rust_mad_s,rust_ci95_low_s,rust_ci95_high_s,cpp_median_s,cpp_trimmed_median_s,cpp_mad_s,cpp_ci95_low_s,cpp_ci95_high_s,speedup_cpp_over_rust,speedup_cpp_over_rust_trimmed,permutation_pvalue_median
noaa_co2,NOAA CO2,9,41,9,369,0.1000,0.011554327,0.011554327,0.000016340,0.011551274,0.011556451,0.005416984,0.005416984,0.000012032,0.005415111,0.005419840,2.132982,2.132982,9.999e-05
nist_strd,NIST StRD,9,41,9,369,0.1000,0.057914103,0.057914103,0.000099797,0.057896522,0.057933136,0.024054659,0.024054659,0.000085119,0.024034381,0.024069486,2.407604,2.407604,9.999e-05
usgs_earthquakes,USGS EQ,9,41,9,369,0.1000,0.000012283,0.000012283,0.000000130,0.000012253,0.000012303,0.000017332,0.000017332,0.000000080,0.000017312,0.000017343,0.708689,0.708689,9.999e-05
cern_dimuon,CERN dimuon,9,41,9,369,0.1000,0.000619862,0.000619862,0.000005810,0.000619120,0.000620252,0.000758108,0.000758108,0.000002895,0.000757838,0.000758509,0.817643,0.817643,9.999e-05
