case_id,case_label,batches,repeats_per_batch,warmups_per_batch,samples_per_impl,trim_fraction,rust_median_s,rust_trimmed_median_s,rust_mad_s,rust_ci95_low_s,rust_ci95_high_s,cpp_median_s,cpp_trimmed_median_s,cpp_mad_s,cpp_ci95_low_s,cpp_ci95_high_s,speedup_cpp_over_rust,speedup_cpp_over_rust_trimmed,permutation_pvalue_median
noaa_co2,NOAA CO2,9,41,9,369,0.1000,0.011890872,0.011890872,0.000024468,0.011883358,0.011897842,0.005685076,0.005685076,0.000011507,0.005682241,0.005687339,2.091594,2.091594,9.999e-05
nist_strd,NIST StRD,9,41,9,369,0.1000,0.056865508,0.056865508,0.000099467,0.056854744,0.056888897,0.022749406,0.022749406,0.000054049,0.022742416,0.022760472,2.499648,2.499648,9.999e-05
usgs_earthquakes,USGS EQ,9,41,9,369,0.1000,0.000012619,0.000012619,0.000000180,0.000012578,0.000012659,0.000017225,0.000017225,0.000000160,0.000017195,0.000017265,0.732598,0.732598,9.999e-05
cern_dimuon,CERN dimuon,9,41,9,369,0.1000,0.000582779,0.000582779,0.000005810,0.000581388,0.000583330,0.000733562,0.000733562,0.000003004,0.000733152,0.000734333,0.794451,0.794451,9.999e-05
