case_id,case_label,batches,repeats_per_batch,warmups_per_batch,samples_per_impl,trim_fraction,rust_median_s,rust_trimmed_median_s,rust_mad_s,rust_ci95_low_s,rust_ci95_high_s,cpp_median_s,cpp_trimmed_median_s,cpp_mad_s,cpp_ci95_low_s,cpp_ci95_high_s,speedup_cpp_over_rust,speedup_cpp_over_rust_trimmed,permutation_pvalue_median
noaa_co2,NOAA CO2,9,41,9,369,0.1000,0.011557974,0.011557974,0.000036448,0.011548840,0.011571600,0.005450476,0.005450476,0.000014646,0.005448392,0.005452429,2.120544,2.120544,9.999e-05
nist_strd,NIST StRD,9,41,9,369,0.1000,0.057951456,0.057951456,0.000117298,0.057929789,0.057974368,0.024030231,0.024030231,0.000075917,0.024013791,0.024040434,2.411606,2.411606,9.999e-05
usgs_earthquakes,USGS EQ,9,41,9,369,0.1000,0.000012093,0.000012093,0.000000121,0.000012072,0.000012123,0.000017533,0.000017533,0.000000130,0.000017503,0.000017562,0.689728,0.689728,9.999e-05
cern_dimuon,CERN dimuon,9,41,9,369,0.1000,0.000619294,0.000619294,0.000004378,0.000618843,0.000619715,0.000758763,0.000758763,0.000002975,0.000758133,0.000759575,0.816189,0.816189,9.999e-05
