case_id,case_label,batches,repeats_per_batch,warmups_per_batch,samples_per_impl,trim_fraction,rust_median_s,rust_trimmed_median_s,rust_mad_s,rust_ci95_low_s,rust_ci95_high_s,cpp_median_s,cpp_trimmed_median_s,cpp_mad_s,cpp_ci95_low_s,cpp_ci95_high_s,speedup_cpp_over_rust,speedup_cpp_over_rust_trimmed,permutation_pvalue_median
noaa_co2,NOAA CO2,9,41,9,369,0.1000,0.011545223,0.011545223,0.000015148,0.011541737,0.011548559,0.005398129,0.005398129,0.000008056,0.005397384,0.005399391,2.138745,2.138745,9.999e-05
nist_strd,NIST StRD,9,41,9,369,0.1000,0.057906328,0.057906328,0.000086106,0.057888751,0.057917774,0.024070521,0.024070521,0.000086613,0.024055644,0.024097643,2.405695,2.405695,9.999e-05
usgs_earthquakes,USGS EQ,9,41,9,369,0.1000,0.000012203,0.000012203,0.000000131,0.000012173,0.000012233,0.000017523,0.000017523,0.000000111,0.000017503,0.000017543,0.696399,0.696399,9.999e-05
cern_dimuon,CERN dimuon,9,41,9,369,0.1000,0.000621794,0.000621794,0.000004668,0.000620922,0.000622074,0.000759892,0.000759892,0.000003627,0.000759262,0.000760632,0.818266,0.818266,9.999e-05
