case_id,case_label,batches,repeats_per_batch,warmups_per_batch,samples_per_impl,trim_fraction,rust_median_s,rust_trimmed_median_s,rust_mad_s,rust_ci95_low_s,rust_ci95_high_s,cpp_median_s,cpp_trimmed_median_s,cpp_mad_s,cpp_ci95_low_s,cpp_ci95_high_s,speedup_cpp_over_rust,speedup_cpp_over_rust_trimmed,permutation_pvalue_median
noaa_co2,NOAA CO2,9,41,9,369,0.1000,0.011541779,0.011541779,0.000016754,0.011539169,0.011545846,0.005405200,0.005405200,0.000014027,0.005402301,0.005408333,2.135310,2.135310,9.999e-05
nist_strd,NIST StRD,9,41,9,369,0.1000,0.057894213,0.057894213,0.000086813,0.057871821,0.057912720,0.024070417,0.024070417,0.000084781,0.024057451,0.024093874,2.405202,2.405202,9.999e-05
usgs_earthquakes,USGS EQ,9,41,9,369,0.1000,0.000012132,0.000012132,0.000000121,0.000012112,0.000012153,0.000017582,0.000017582,0.000000171,0.000017553,0.000017603,0.690024,0.690024,9.999e-05
cern_dimuon,CERN dimuon,9,41,9,369,0.1000,0.000619155,0.000619155,0.000005228,0.000618715,0.000619606,0.000759037,0.000759037,0.000002565,0.000758669,0.000759458,0.815711,0.815711,9.999e-05
