case_id,case_label,batches,repeats_per_batch,warmups_per_batch,samples_per_impl,trim_fraction,rust_median_s,rust_trimmed_median_s,rust_mad_s,rust_ci95_low_s,rust_ci95_high_s,cpp_median_s,cpp_trimmed_median_s,cpp_mad_s,cpp_ci95_low_s,cpp_ci95_high_s,speedup_cpp_over_rust,speedup_cpp_over_rust_trimmed,permutation_pvalue_median
noaa_co2,NOAA CO2,9,41,9,369,0.1000,0.009480398,0.009480398,0.000040790,0.009465968,0.009497764,0.004522415,0.004522415,0.000009103,0.004521223,0.004524668,2.096313,2.096313,9.999e-05
nist_strd,NIST StRD,9,41,9,369,0.1000,0.046664101,0.046664101,0.000102257,0.046647383,0.046686611,0.018656083,0.018656083,0.000066317,0.018644842,0.018665143,2.501281,2.501281,9.999e-05
usgs_earthquakes,USGS EQ,9,41,9,369,0.1000,0.000009724,0.000009724,0.000000100,0.000009704,0.000009735,0.000013600,0.000013600,0.000000130,0.000013560,0.000013630,0.715000,0.715000,9.999e-05
cern_dimuon,CERN dimuon,9,41,9,369,0.1000,0.000450161,0.000450161,0.000004447,0.000448549,0.000452195,0.000570378,0.000570378,0.000004306,0.000569487,0.000571309,0.789233,0.789233,9.999e-05
