case_id,case_label,batches,repeats_per_batch,warmups_per_batch,samples_per_impl,trim_fraction,rust_median_s,rust_trimmed_median_s,rust_mad_s,rust_ci95_low_s,rust_ci95_high_s,cpp_median_s,cpp_trimmed_median_s,cpp_mad_s,cpp_ci95_low_s,cpp_ci95_high_s,speedup_cpp_over_rust,speedup_cpp_over_rust_trimmed,permutation_pvalue_median
noaa_co2,NOAA CO2,9,41,9,369,0.1000,0.011579459,0.011579459,0.000031059,0.011570232,0.011588327,0.005413637,0.005413637,0.000011613,0.005411416,0.005417705,2.138943,2.138943,9.999e-05
nist_strd,NIST StRD,9,41,9,369,0.1000,0.058356786,0.058356786,0.000112728,0.058335267,0.058375613,0.024145102,0.024145102,0.000066319,0.024132835,0.024161801,2.416920,2.416920,9.999e-05
usgs_earthquakes,USGS EQ,9,41,9,369,0.1000,0.000012334,0.000012334,0.000000120,0.000012314,0.000012363,0.000017513,0.000017513,0.000000100,0.000017493,0.000017523,0.704277,0.704277,9.999e-05
cern_dimuon,CERN dimuon,9,41,9,369,0.1000,0.000625329,0.000625329,0.000007263,0.000624438,0.000626139,0.000764840,0.000764840,0.000003779,0.000764361,0.000765313,0.817595,0.817595,9.999e-05
