case_id,case_label,batches,repeats_per_batch,warmups_per_batch,samples_per_impl,trim_fraction,rust_median_s,rust_trimmed_median_s,rust_mad_s,rust_ci95_low_s,rust_ci95_high_s,cpp_median_s,cpp_trimmed_median_s,cpp_mad_s,cpp_ci95_low_s,cpp_ci95_high_s,speedup_cpp_over_rust,speedup_cpp_over_rust_trimmed,permutation_pvalue_median
noaa_co2,NOAA CO2,9,41,9,369,0.1000,0.011547104,0.011547104,0.000020399,0.011542624,0.011550790,0.005401465,0.005401465,0.000009459,0.005399933,0.005403440,2.137773,2.137773,9.999e-05
nist_strd,NIST StRD,9,41,9,369,0.1000,0.057841244,0.057841244,0.000064471,0.057824123,0.057854595,0.024048228,0.024048228,0.000065915,0.024031907,0.024060240,2.405219,2.405219,9.999e-05
usgs_earthquakes,USGS EQ,9,41,9,369,0.1000,0.000012183,0.000012183,0.000000150,0.000012153,0.000012203,0.000017152,0.000017152,0.000000121,0.000017132,0.000017172,0.710296,0.710296,9.999e-05
cern_dimuon,CERN dimuon,9,41,9,369,0.1000,0.000622152,0.000622152,0.000005010,0.000621490,0.000623024,0.000758598,0.000758598,0.000003146,0.000758026,0.000758999,0.820134,0.820134,9.999e-05
