case_id,case_label,batches,repeats_per_batch,warmups_per_batch,samples_per_impl,trim_fraction,rust_median_s,rust_trimmed_median_s,rust_mad_s,rust_ci95_low_s,rust_ci95_high_s,cpp_median_s,cpp_trimmed_median_s,cpp_mad_s,cpp_ci95_low_s,cpp_ci95_high_s,speedup_cpp_over_rust,speedup_cpp_over_rust_trimmed,permutation_pvalue_median
noaa_co2,NOAA CO2,9,41,9,369,0.1000,0.010049610,0.010049610,0.000027430,0.010045109,0.010054887,0.004665793,0.004665793,0.000013589,0.004664116,0.004667458,2.153891,2.153891,9.999e-05
nist_strd,NIST StRD,9,41,9,369,0.1000,0.056257705,0.056257705,0.000069885,0.056247527,0.056273410,0.021861314,0.021861314,0.000043435,0.021854058,0.021868508,2.573391,2.573391,9.999e-05
usgs_earthquakes,USGS EQ,9,41,9,369,0.1000,0.000011696,0.000011696,0.000000179,0.000011669,0.000011737,0.000017340,0.000017340,0.000000143,0.000017314,0.000017388,0.674510,0.674510,9.999e-05
cern_dimuon,CERN dimuon,9,41,9,369,0.1000,0.000561015,0.000561015,0.000004222,0.000559780,0.000561751,0.000761205,0.000761205,0.000002617,0.000760951,0.000761633,0.737009,0.737009,9.999e-05
