case_id,case_label,batches,repeats_per_batch,warmups_per_batch,samples_per_impl,trim_fraction,rust_median_s,rust_trimmed_median_s,rust_mad_s,rust_ci95_low_s,rust_ci95_high_s,cpp_median_s,cpp_trimmed_median_s,cpp_mad_s,cpp_ci95_low_s,cpp_ci95_high_s,speedup_cpp_over_rust,speedup_cpp_over_rust_trimmed,permutation_pvalue_median
noaa_co2,NOAA CO2,9,41,9,369,0.1000,0.010039393,0.010039393,0.000053640,0.010028554,0.010045619,0.004664434,0.004664434,0.000017137,0.004660937,0.004669980,2.152328,2.152328,9.999e-05
nist_strd,NIST StRD,9,41,9,369,0.1000,0.056513147,0.056513147,0.000089952,0.056499179,0.056537110,0.021855816,0.021855816,0.000050934,0.021848697,0.021865601,2.585726,2.585726,9.999e-05
usgs_earthquakes,USGS EQ,9,41,9,369,0.1000,0.000011547,0.000011547,0.000000154,0.000011518,0.000011582,0.000017775,0.000017775,0.000000119,0.000017756,0.000017796,0.649620,0.649620,9.999e-05
cern_dimuon,CERN dimuon,9,41,9,369,0.1000,0.000560701,0.000560701,0.000003788,0.000560160,0.000561371,0.000761111,0.000761111,0.000002391,0.000760746,0.000761679,0.736688,0.736688,9.999e-05
