case_id,case_label,batches,repeats_per_batch,warmups_per_batch,samples_per_impl,trim_fraction,rust_median_s,rust_trimmed_median_s,rust_mad_s,rust_ci95_low_s,rust_ci95_high_s,cpp_median_s,cpp_trimmed_median_s,cpp_mad_s,cpp_ci95_low_s,cpp_ci95_high_s,speedup_cpp_over_rust,speedup_cpp_over_rust_trimmed,permutation_pvalue_median
noaa_co2,NOAA CO2,9,41,9,369,0.1000,0.011547330,0.011547330,0.000018256,0.011543672,0.011551147,0.005404458,0.005404458,0.000015009,0.005398057,0.005407634,2.136631,2.136631,9.999e-05
nist_strd,NIST StRD,9,41,9,369,0.1000,0.057868958,0.057868958,0.000078720,0.057853646,0.057882990,0.024031925,0.024031925,0.000060261,0.024019684,0.024041491,2.408003,2.408003,9.999e-05
usgs_earthquakes,USGS EQ,9,41,9,369,0.1000,0.000012163,0.000012163,0.000000140,0.000012133,0.000012202,0.000017212,0.000017212,0.000000141,0.000017163,0.000017242,0.706658,0.706658,9.999e-05
cern_dimuon,CERN dimuon,9,41,9,369,0.1000,0.000619471,0.000619471,0.000005430,0.000618729,0.000619962,0.000758020,0.000758020,0.000003107,0.000757640,0.000758512,0.817223,0.817223,9.999e-05
