case_id,case_label,batches,repeats_per_batch,warmups_per_batch,samples_per_impl,trim_fraction,rust_median_s,rust_trimmed_median_s,rust_mad_s,rust_ci95_low_s,rust_ci95_high_s,cpp_median_s,cpp_trimmed_median_s,cpp_mad_s,cpp_ci95_low_s,cpp_ci95_high_s,speedup_cpp_over_rust,speedup_cpp_over_rust_trimmed,permutation_pvalue_median
noaa_co2,NOAA CO2,9,41,9,369,0.1000,0.011549344,0.011549344,0.000020494,0.011543690,0.011555034,0.005405378,0.005405378,0.000009990,0.005402922,0.005407371,2.136639,2.136639,9.999e-05
nist_strd,NIST StRD,9,41,9,369,0.1000,0.057914691,0.057914691,0.000142768,0.057884638,0.057946339,0.024055247,0.024055247,0.000074258,0.024042052,0.024069471,2.407570,2.407570,9.999e-05
usgs_earthquakes,USGS EQ,9,41,9,369,0.1000,0.000012163,0.000012163,0.000000120,0.000012143,0.000012183,0.000017162,0.000017162,0.000000121,0.000017142,0.000017192,0.708717,0.708717,9.999e-05
cern_dimuon,CERN dimuon,9,41,9,369,0.1000,0.000618682,0.000618682,0.000004428,0.000618342,0.000618984,0.000758512,0.000758512,0.000002314,0.000758082,0.000758924,0.815652,0.815652,9.999e-05
