case_id,case_label,batches,repeats_per_batch,warmups_per_batch,samples_per_impl,trim_fraction,rust_median_s,rust_trimmed_median_s,rust_mad_s,rust_ci95_low_s,rust_ci95_high_s,cpp_median_s,cpp_trimmed_median_s,cpp_mad_s,cpp_ci95_low_s,cpp_ci95_high_s,speedup_cpp_over_rust,speedup_cpp_over_rust_trimmed,permutation_pvalue_median
noaa_co2,NOAA CO2,9,41,9,369,0.1000,0.009464911,0.009464911,0.000032270,0.009459247,0.009479868,0.004518034,0.004518034,0.000005449,0.004516723,0.004519106,2.094918,2.094918,9.999e-05
nist_strd,NIST StRD,9,41,9,369,0.1000,0.046743593,0.046743593,0.000125059,0.046725465,0.046765235,0.018713126,0.018713126,0.000074642,0.018700988,0.018729351,2.497904,2.497904,9.999e-05
usgs_earthquakes,USGS EQ,9,41,9,369,0.1000,0.000009845,0.000009845,0.000000121,0.000009825,0.000009875,0.000013501,0.000013501,0.000000111,0.000013491,0.000013520,0.729205,0.729205,9.999e-05
cern_dimuon,CERN dimuon,9,41,9,369,0.1000,0.000451431,0.000451431,0.000004838,0.000449989,0.000452492,0.000570240,0.000570240,0.000004256,0.000569609,0.000570721,0.791651,0.791651,9.999e-05
