case_id,case_label,batches,repeats_per_batch,warmups_per_batch,samples_per_impl,trim_fraction,rust_median_s,rust_trimmed_median_s,rust_mad_s,rust_ci95_low_s,rust_ci95_high_s,cpp_median_s,cpp_trimmed_median_s,cpp_mad_s,cpp_ci95_low_s,cpp_ci95_high_s,speedup_cpp_over_rust,speedup_cpp_over_rust_trimmed,permutation_pvalue_median
noaa_co2,NOAA CO2,9,41,9,369,0.1000,0.011876503,0.011876503,0.000018848,0.011872946,0.011882330,0.005690941,0.005690941,0.000009214,0.005689507,0.005692671,2.086914,2.086914,9.999e-05
nist_strd,NIST StRD,9,41,9,369,0.1000,0.056854840,0.056854840,0.000080748,0.056836736,0.056866411,0.022723027,0.022723027,0.000049274,0.022713166,0.022734458,2.502080,2.502080,9.999e-05
usgs_earthquakes,USGS EQ,9,41,9,369,0.1000,0.000012599,0.000012599,0.000000150,0.000012578,0.000012619,0.000017016,0.000017016,0.000000140,0.000016986,0.000017036,0.740421,0.740421,9.999e-05
cern_dimuon,CERN dimuon,9,41,9,369,0.1000,0.000582544,0.000582544,0.000006270,0.000581673,0.000583285,0.000731517,0.000731517,0.000003125,0.000731107,0.000731938,0.796351,0.796351,9.999e-05
