case_id,case_label,batches,repeats_per_batch,warmups_per_batch,samples_per_impl,trim_fraction,rust_median_s,rust_trimmed_median_s,rust_mad_s,rust_ci95_low_s,rust_ci95_high_s,cpp_median_s,cpp_trimmed_median_s,cpp_mad_s,cpp_ci95_low_s,cpp_ci95_high_s,speedup_cpp_over_rust,speedup_cpp_over_rust_trimmed,permutation_pvalue_median
noaa_co2,NOAA CO2,9,41,9,369,0.1000,0.011556633,0.011556633,0.000019409,0.011552655,0.011560581,0.005401360,0.005401360,0.000008737,0.005399746,0.005402912,2.139578,2.139578,9.999e-05
nist_strd,NIST StRD,9,41,9,369,0.1000,0.057964794,0.057964794,0.000080393,0.057953656,0.057978090,0.024096529,0.024096529,0.000067411,0.024084817,0.024106417,2.405525,2.405525,9.999e-05
usgs_earthquakes,USGS EQ,9,41,9,369,0.1000,0.000012163,0.000012163,0.000000140,0.000012133,0.000012193,0.000017553,0.000017553,0.000000160,0.000017522,0.000017583,0.692930,0.692930,9.999e-05
cern_dimuon,CERN dimuon,9,41,9,369,0.1000,0.000621123,0.000621123,0.000005952,0.000620552,0.000621755,0.000762759,0.000762759,0.000002545,0.000762389,0.000762980,0.814311,0.814311,9.999e-05
