case_id,case_label,batches,repeats_per_batch,warmups_per_batch,samples_per_impl,trim_fraction,rust_median_s,rust_trimmed_median_s,rust_mad_s,rust_ci95_low_s,rust_ci95_high_s,cpp_median_s,cpp_trimmed_median_s,cpp_mad_s,cpp_ci95_low_s,cpp_ci95_high_s,speedup_cpp_over_rust,speedup_cpp_over_rust_trimmed,permutation_pvalue_median
noaa_co2,NOAA CO2,9,41,9,369,0.1000,0.011542242,0.011542242,0.000034428,0.011534588,0.011549712,0.005437961,0.005437961,0.000009740,0.005435622,0.005439133,2.122531,2.122531,9.999e-05
nist_strd,NIST StRD,9,41,9,369,0.1000,0.057909519,0.057909519,0.000105629,0.057890172,0.057932913,0.024031827,0.024031827,0.000096169,0.024017622,0.024049590,2.409701,2.409701,9.999e-05
usgs_earthquakes,USGS EQ,9,41,9,369,0.1000,0.000012192,0.000012192,0.000000171,0.000012163,0.000012213,0.000017343,0.000017343,0.000000071,0.000017332,0.000017362,0.702993,0.702993,9.999e-05
cern_dimuon,CERN dimuon,9,41,9,369,0.1000,0.000621556,0.000621556,0.000005962,0.000621136,0.000622339,0.000756979,0.000756979,0.000001913,0.000756648,0.000757269,0.821101,0.821101,9.999e-05
