case_id,case_label,batches,repeats_per_batch,warmups_per_batch,samples_per_impl,trim_fraction,rust_median_s,rust_trimmed_median_s,rust_mad_s,rust_ci95_low_s,rust_ci95_high_s,cpp_median_s,cpp_trimmed_median_s,cpp_mad_s,cpp_ci95_low_s,cpp_ci95_high_s,speedup_cpp_over_rust,speedup_cpp_over_rust_trimmed,permutation_pvalue_median
noaa_co2,NOAA CO2,9,41,9,369,0.1000,0.011573045,0.011573045,0.000027512,0.011566783,0.011579908,0.005419053,0.005419053,0.000013426,0.005417431,0.005421418,2.135621,2.135621,9.999e-05
nist_strd,NIST StRD,9,41,9,369,0.1000,0.058002653,0.058002653,0.000081783,0.057987404,0.058027962,0.024152095,0.024152095,0.000088134,0.024140152,0.024166892,2.401558,2.401558,9.999e-05
usgs_earthquakes,USGS EQ,9,41,9,369,0.1000,0.000012233,0.000012233,0.000000141,0.000012203,0.000012253,0.000017363,0.000017363,0.000000081,0.000017352,0.000017382,0.704544,0.704544,9.999e-05
cern_dimuon,CERN dimuon,9,41,9,369,0.1000,0.000621478,0.000621478,0.000007705,0.000620626,0.000621979,0.000760927,0.000760927,0.000003136,0.000760627,0.000761258,0.816738,0.816738,9.999e-05
