case_id,case_label,batches,repeats_per_batch,warmups_per_batch,samples_per_impl,trim_fraction,rust_median_s,rust_trimmed_median_s,rust_mad_s,rust_ci95_low_s,rust_ci95_high_s,cpp_median_s,cpp_trimmed_median_s,cpp_mad_s,cpp_ci95_low_s,cpp_ci95_high_s,speedup_cpp_over_rust,speedup_cpp_over_rust_trimmed,permutation_pvalue_median
noaa_co2,NOAA CO2,9,41,9,369,0.1000,0.011542367,0.011542367,0.000033907,0.011532585,0.011553205,0.005450142,0.005450142,0.000011782,0.005448598,0.005452737,2.117810,2.117810,9.999e-05
nist_strd,NIST StRD,9,41,9,369,0.1000,0.057977423,0.057977423,0.000124541,0.057957106,0.058022328,0.024005033,0.024005033,0.000063305,0.023987644,0.024018775,2.415219,2.415219,9.999e-05
usgs_earthquakes,USGS EQ,9,41,9,369,0.1000,0.000012093,0.000012093,0.000000151,0.000012063,0.000012123,0.000017092,0.000017092,0.000000110,0.000017072,0.000017112,0.707524,0.707524,9.999e-05
cern_dimuon,CERN dimuon,9,41,9,369,0.1000,0.000620674,0.000620674,0.000007143,0.000620123,0.000621315,0.000756729,0.000756729,0.000003076,0.000756349,0.000757140,0.820206,0.820206,9.999e-05
