case_id,case_label,batches,repeats_per_batch,warmups_per_batch,samples_per_impl,trim_fraction,rust_median_s,rust_trimmed_median_s,rust_mad_s,rust_ci95_low_s,rust_ci95_high_s,cpp_median_s,cpp_trimmed_median_s,cpp_mad_s,cpp_ci95_low_s,cpp_ci95_high_s,speedup_cpp_over_rust,speedup_cpp_over_rust_trimmed,permutation_pvalue_median
noaa_co2,NOAA CO2,9,41,9,369,0.1000,0.011585698,0.011585698,0.000042941,0.011574447,0.011597788,0.005408696,0.005408696,0.000010189,0.005406820,0.005410179,2.142050,2.142050,9.999e-05
nist_strd,NIST StRD,9,41,9,369,0.1000,0.058305099,0.058305099,0.000084525,0.058292131,0.058324157,0.024130303,0.024130303,0.000067466,0.024116705,0.024141700,2.416261,2.416261,9.999e-05
usgs_earthquakes,USGS EQ,9,41,9,369,0.1000,0.000012373,0.000012373,0.000000201,0.000012333,0.000012424,0.000017152,0.000017152,0.000000070,0.000017142,0.000017162,0.721374,0.721374,9.999e-05
cern_dimuon,CERN dimuon,9,41,9,369,0.1000,0.000622804,0.000622804,0.000006272,0.000622092,0.000623265,0.000762114,0.000762114,0.000003817,0.000761372,0.000762925,0.817206,0.817206,9.999e-05
