case_id,case_label,batches,repeats_per_batch,warmups_per_batch,samples_per_impl,trim_fraction,rust_median_s,rust_trimmed_median_s,rust_mad_s,rust_ci95_low_s,rust_ci95_high_s,cpp_median_s,cpp_trimmed_median_s,cpp_mad_s,cpp_ci95_low_s,cpp_ci95_high_s,speedup_cpp_over_rust,speedup_cpp_over_rust_trimmed,permutation_pvalue_median
noaa_co2,NOAA CO2,9,41,9,369,0.1000,0.010031519,0.010031519,0.000053231,0.010016647,0.010037925,0.004679265,0.004679265,0.000025085,0.004673296,0.004686640,2.143824,2.143824,9.999e-05
nist_strd,NIST StRD,9,41,9,369,0.1000,0.056588320,0.056588320,0.000095338,0.056566382,0.056601553,0.021907114,0.021907114,0.000057611,0.021895938,0.021914489,2.583102,2.583102,9.999e-05
usgs_earthquakes,USGS EQ,9,41,9,369,0.1000,0.000011667,0.000011667,0.000000163,0.000011644,0.000011708,0.000017759,0.000017759,0.000000100,0.000017740,0.000017771,0.656963,0.656963,9.999e-05
cern_dimuon,CERN dimuon,9,41,9,369,0.1000,0.000563348,0.000563348,0.000004071,0.000562392,0.000564109,0.000763219,0.000763219,0.000002975,0.000762686,0.000763800,0.738121,0.738121,9.999e-05
