case_id,case_label,batches,repeats_per_batch,warmups_per_batch,samples_per_impl,trim_fraction,rust_median_s,rust_trimmed_median_s,rust_mad_s,rust_ci95_low_s,rust_ci95_high_s,cpp_median_s,cpp_trimmed_median_s,cpp_mad_s,cpp_ci95_low_s,cpp_ci95_high_s,speedup_cpp_over_rust,speedup_cpp_over_rust_trimmed,permutation_pvalue_median
noaa_co2,NOAA CO2,9,41,9,369,0.1000,0.011593405,0.011593405,0.000043946,0.011583857,0.011608980,0.005431790,0.005431790,0.000012315,0.005430066,0.005435827,2.134362,2.134362,9.999e-05
nist_strd,NIST StRD,9,41,9,369,0.1000,0.058050346,0.058050346,0.000104594,0.058024649,0.058063962,0.024112450,0.024112450,0.000086040,0.024094938,0.024126086,2.407484,2.407484,9.999e-05
usgs_earthquakes,USGS EQ,9,41,9,369,0.1000,0.000012223,0.000012223,0.000000130,0.000012193,0.000012243,0.000017433,0.000017433,0.000000091,0.000017413,0.000017462,0.701142,0.701142,9.999e-05
cern_dimuon,CERN dimuon,9,41,9,369,0.1000,0.000622256,0.000622256,0.000009408,0.000621615,0.000623097,0.000763719,0.000763719,0.000003666,0.000763038,0.000764541,0.814771,0.814771,9.999e-05
