case_id,case_label,batches,repeats_per_batch,warmups_per_batch,samples_per_impl,trim_fraction,rust_median_s,rust_trimmed_median_s,rust_mad_s,rust_ci95_low_s,rust_ci95_high_s,cpp_median_s,cpp_trimmed_median_s,cpp_mad_s,cpp_ci95_low_s,cpp_ci95_high_s,speedup_cpp_over_rust,speedup_cpp_over_rust_trimmed,permutation_pvalue_median
noaa_co2,NOAA CO2,9,41,9,369,0.1000,0.011515725,0.011515725,0.000015057,0.011512348,0.011520004,0.005431902,0.005431902,0.000007615,0.005430849,0.005432882,2.120017,2.120017,9.999e-05
nist_strd,NIST StRD,9,41,9,369,0.1000,0.057805559,0.057805559,0.000068273,0.057795275,0.057815481,0.024032959,0.024032959,0.000068035,0.024025050,0.024047058,2.405262,2.405262,9.999e-05
usgs_earthquakes,USGS EQ,9,41,9,369,0.1000,0.000012133,0.000012133,0.000000120,0.000012112,0.000012162,0.000017101,0.000017101,0.000000081,0.000017091,0.000017112,0.709491,0.709491,9.999e-05
cern_dimuon,CERN dimuon,9,41,9,369,0.1000,0.000619563,0.000619563,0.000005078,0.000618740,0.000620134,0.000758190,0.000758190,0.000002915,0.000757749,0.000758751,0.817161,0.817161,9.999e-05
