case_id,case_label,batches,repeats_per_batch,warmups_per_batch,samples_per_impl,trim_fraction,rust_median_s,rust_trimmed_median_s,rust_mad_s,rust_ci95_low_s,rust_ci95_high_s,cpp_median_s,cpp_trimmed_median_s,cpp_mad_s,cpp_ci95_low_s,cpp_ci95_high_s,speedup_cpp_over_rust,speedup_cpp_over_rust_trimmed,permutation_pvalue_median
noaa_co2,NOAA CO2,9,41,9,369,0.1000,0.011552008,0.011552008,0.000021045,0.011546090,0.011558199,0.005408136,0.005408136,0.000015376,0.005404492,0.005411344,2.136042,2.136042,9.999e-05
nist_strd,NIST StRD,9,41,9,369,0.1000,0.058282602,0.058282602,0.000076247,0.058270784,0.058299407,0.024096668,0.024096668,0.000069859,0.024085499,0.024110364,2.418700,2.418700,9.999e-05
usgs_earthquakes,USGS EQ,9,41,9,369,0.1000,0.000012183,0.000012183,0.000000140,0.000012153,0.000012212,0.000017082,0.000017082,0.000000070,0.000017072,0.000017092,0.713207,0.713207,9.999e-05
cern_dimuon,CERN dimuon,9,41,9,369,0.1000,0.000627833,0.000627833,0.000006333,0.000627293,0.000628905,0.000760772,0.000760772,0.000002825,0.000759951,0.000761213,0.825258,0.825258,9.999e-05
