case_id,case_label,batches,repeats_per_batch,warmups_per_batch,samples_per_impl,trim_fraction,rust_median_s,rust_trimmed_median_s,rust_mad_s,rust_ci95_low_s,rust_ci95_high_s,cpp_median_s,cpp_trimmed_median_s,cpp_mad_s,cpp_ci95_low_s,cpp_ci95_high_s,speedup_cpp_over_rust,speedup_cpp_over_rust_trimmed,permutation_pvalue_median
noaa_co2,NOAA CO2,9,41,9,369,0.1000,0.011551365,0.011551365,0.000017493,0.011548239,0.011556815,0.005411338,0.005411338,0.000011562,0.005408904,0.005412811,2.134660,2.134660,9.999e-05
nist_strd,NIST StRD,9,41,9,369,0.1000,0.058073004,0.058073004,0.000089809,0.058056150,0.058086721,0.024065435,0.024065435,0.000075052,0.024051884,0.024081194,2.413129,2.413129,9.999e-05
usgs_earthquakes,USGS EQ,9,41,9,369,0.1000,0.000012323,0.000012323,0.000000120,0.000012303,0.000012352,0.000017472,0.000017472,0.000000091,0.000017462,0.000017483,0.705300,0.705300,9.999e-05
cern_dimuon,CERN dimuon,9,41,9,369,0.1000,0.000620597,0.000620597,0.000005560,0.000619775,0.000621228,0.000759756,0.000759756,0.000002706,0.000759326,0.000760458,0.816837,0.816837,9.999e-05
