case_id,case_label,batches,repeats_per_batch,warmups_per_batch,samples_per_impl,trim_fraction,rust_median_s,rust_trimmed_median_s,rust_mad_s,rust_ci95_low_s,rust_ci95_high_s,cpp_median_s,cpp_trimmed_median_s,cpp_mad_s,cpp_ci95_low_s,cpp_ci95_high_s,speedup_cpp_over_rust,speedup_cpp_over_rust_trimmed,permutation_pvalue_median
noaa_co2,NOAA CO2,9,41,9,369,0.1000,0.010071408,0.010071408,0.000039760,0.010065387,0.010076509,0.004648368,0.004648368,0.000032949,0.004632106,0.004658324,2.166655,2.166655,9.999e-05
nist_strd,NIST StRD,9,41,9,369,0.1000,0.056168609,0.056168609,0.000092771,0.056160053,0.056186788,0.021870772,0.021870772,0.000054597,0.021860555,0.021878039,2.568204,2.568204,9.999e-05
usgs_earthquakes,USGS EQ,9,41,9,369,0.1000,0.000011616,0.000011616,0.000000163,0.000011587,0.000011647,0.000017657,0.000017657,0.000000100,0.000017637,0.000017674,0.657869,0.657869,9.999e-05
cern_dimuon,CERN dimuon,9,41,9,369,0.1000,0.000561070,0.000561070,0.000004311,0.000559939,0.000561676,0.000763106,0.000763106,0.000003289,0.000762615,0.000763699,0.735245,0.735245,9.999e-05
