case_id,case_label,batches,repeats_per_batch,warmups_per_batch,samples_per_impl,trim_fraction,rust_median_s,rust_trimmed_median_s,rust_mad_s,rust_ci95_low_s,rust_ci95_high_s,cpp_median_s,cpp_trimmed_median_s,cpp_mad_s,cpp_ci95_low_s,cpp_ci95_high_s,speedup_cpp_over_rust,speedup_cpp_over_rust_trimmed,permutation_pvalue_median
noaa_co2,NOAA CO2,9,41,9,369,0.1000,0.011889162,0.011889162,0.000021522,0.011885697,0.011893669,0.005697669,0.005697669,0.000018047,0.005691930,0.005702275,2.086671,2.086671,9.999e-05
nist_strd,NIST StRD,9,41,9,369,0.1000,0.056823769,0.056823769,0.000090367,0.056795937,0.056843508,0.022747226,0.022747226,0.000052404,0.022741231,0.022758637,2.498053,2.498053,9.999e-05
usgs_earthquakes,USGS EQ,9,41,9,369,0.1000,0.000012599,0.000012599,0.000000150,0.000012589,0.000012629,0.000017086,0.000017086,0.000000140,0.000017065,0.000017116,0.737387,0.737387,9.999e-05
cern_dimuon,CERN dimuon,9,41,9,369,0.1000,0.000582529,0.000582529,0.000005840,0.000581547,0.000583370,0.000734677,0.000734677,0.000003896,0.000733986,0.000735237,0.792905,0.792905,9.999e-05
