case_id,case_label,batches,repeats_per_batch,warmups_per_batch,samples_per_impl,trim_fraction,rust_median_s,rust_trimmed_median_s,rust_mad_s,rust_ci95_low_s,rust_ci95_high_s,cpp_median_s,cpp_trimmed_median_s,cpp_mad_s,cpp_ci95_low_s,cpp_ci95_high_s,speedup_cpp_over_rust,speedup_cpp_over_rust_trimmed,permutation_pvalue_median
noaa_co2,NOAA CO2,9,41,9,369,0.1000,0.011533957,0.011533957,0.000012608,0.011531548,0.011536191,0.005398163,0.005398163,0.000009999,0.005396700,0.005400447,2.136645,2.136645,9.999e-05
nist_strd,NIST StRD,9,41,9,369,0.1000,0.058117905,0.058117905,0.000110057,0.058093315,0.058142658,0.023999146,0.023999146,0.000062123,0.023991282,0.024014262,2.421666,2.421666,9.999e-05
usgs_earthquakes,USGS EQ,9,41,9,369,0.1000,0.000012233,0.000012233,0.000000141,0.000012213,0.000012263,0.000017103,0.000017103,0.000000059,0.000017092,0.000017112,0.715255,0.715255,9.999e-05
cern_dimuon,CERN dimuon,9,41,9,369,0.1000,0.000618898,0.000618898,0.000005981,0.000618357,0.000619490,0.000757998,0.000757998,0.000002316,0.000757598,0.000758438,0.816490,0.816490,9.999e-05
